username,relationship_duration,communication_frequency,fights_per_week,trust_score,affection_score,cheating_suspected,future_plans,time_spent_per_week,emotional_support_score,jealousy_level,communication_quality,age_difference,breakup_chance
Sreejith_Revathi,17,high,3,8,1,1,0,14,10,9,average,10,1
Sajin_Lekshmi,1,low,1,8,8,1,1,13,9,7,average,1,1
Sajin_Revathi,55,medium,2,9,1,0,0,26,6,9,poor,3,0
Vishnu_Anju,13,medium,5,9,8,0,0,26,3,5,good,5,1
Manu_Revathi,48,low,3,10,8,0,1,0,9,1,average,5,0
Rahul_Athira,18,high,0,7,6,1,0,15,4,5,good,3,1
Manu_Neethu,10,medium,1,3,10,1,0,19,3,9,poor,3,1
Rahul_Meera,43,high,6,7,9,1,0,17,6,10,good,9,1
Arjun_Lekshmi,42,low,3,3,2,0,0,17,5,5,good,4,1
Akhil_Revathi,37,high,7,4,5,0,0,22,4,7,poor,0,1
Akshay_Revathi,19,low,1,6,7,0,1,28,5,5,good,9,0
Sajin_Divya,36,low,0,7,8,0,0,25,10,5,average,1,0
Akshay_Neethu,4,high,1,9,3,1,1,1,4,1,good,10,1
Rahul_Parvathi,51,low,6,8,9,0,1,6,3,8,good,7,1
Nandu_Lekshmi,49,high,4,4,9,1,0,28,10,9,poor,3,1
Sajin_Arya,14,low,0,7,10,1,1,1,5,7,poor,8,1
Rahul_Divya,31,medium,5,1,8,1,1,10,9,9,good,10,1
Sajin_Divya,27,high,6,3,10,1,0,12,6,7,average,9,1
Akhil_Meera,12,low,1,2,8,1,0,21,10,2,poor,5,1
Arjun_Athira,52,medium,2,8,8,1,1,6,9,6,average,7,1
Sreejith_Sneha,12,low,4,2,9,0,0,1,7,4,poor,1,1
Nandu_Divya,32,medium,4,3,2,0,0,17,7,6,average,6,1
Manu_Parvathi,47,high,0,1,7,0,1,8,5,2,good,10,1
Nandu_Athira,10,low,5,7,2,0,1,30,4,5,good,0,1
Akhil_Lekshmi,18,medium,5,6,9,0,1,19,7,2,good,4,1
Akhil_Parvathi,6,medium,1,3,3,1,0,20,9,7,good,7,1
Jithin_Parvathi,45,high,6,3,8,1,1,20,8,10,average,4,1
Nandu_Lekshmi,49,high,1,7,9,1,1,20,3,3,poor,8,1
Manu_Revathi,24,medium,3,8,3,1,0,20,10,3,poor,5,1
Sreejith_Sneha,25,high,2,10,5,0,0,10,10,8,average,5,0
Rahul_Athira,44,medium,7,4,7,0,0,1,3,4,average,9,1
Akhil_Anju,43,low,0,3,6,0,1,25,8,9,poor,9,1
Sajin_Anju,7,medium,0,5,7,1,0,8,2,10,good,1,1
Sreejith_Lekshmi,30,high,4,8,10,1,0,6,5,2,good,9,1
Manu_Anju,5,medium,0,6,5,0,0,21,3,8,good,2,0
Sajin_Athira,25,high,6,1,5,1,0,16,1,5,poor,5,1
Manu_Athira,40,high,6,6,10,0,0,0,1,6,average,6,1
Sajin_Athira,1,medium,3,3,8,1,0,19,1,1,average,3,1
Akhil_Meera,7,low,7,5,9,0,0,17,10,8,poor,10,1
Vishnu_Revathi,32,high,3,5,5,1,0,24,8,5,average,1,1
Sajin_Sneha,5,high,6,4,4,1,1,7,1,7,average,1,1
Jithin_Revathi,40,low,5,3,9,1,1,27,3,3,good,4,1
Arjun_Meera,49,high,6,10,9,0,0,12,7,5,average,2,1
Rahul_Revathi,8,low,0,10,9,0,0,16,5,4,good,3,0
Vishnu_Anju,22,medium,5,7,5,1,1,27,3,7,poor,3,1
Akshay_Athira,57,high,1,10,2,0,0,26,1,5,good,7,0
Rahul_Meera,26,medium,0,9,6,1,1,30,8,2,poor,10,1
Akhil_Lekshmi,25,low,5,3,7,1,1,6,10,3,good,8,1
Arjun_Anju,45,low,3,9,6,0,1,9,3,2,good,5,0
Rahul_Divya,17,low,6,3,1,1,1,2,7,9,good,5,1
Nandu_Athira,37,medium,7,7,8,0,1,8,10,3,good,2,1
Akshay_Lekshmi,40,low,3,2,1,0,0,11,3,3,poor,0,1
Manu_Neethu,30,low,7,6,5,0,1,20,4,7,poor,5,1
Akhil_Meera,48,high,4,4,8,1,1,9,5,3,average,5,1
Jithin_Arya,60,medium,4,8,6,0,0,30,6,4,good,1,0
Akhil_Revathi,17,high,0,6,3,0,0,12,4,4,good,5,0
Nandu_Sneha,53,high,4,2,3,0,1,7,8,8,good,2,1
Sreejith_Divya,11,low,7,2,2,1,0,3,3,2,average,1,1
Vishnu_Athira,35,low,0,2,10,0,0,26,2,7,good,7,1
Nandu_Parvathi,52,high,6,6,7,0,1,26,5,6,average,6,1
Sreejith_Athira,43,high,7,9,8,0,1,7,5,5,average,1,1
Sajin_Sneha,3,medium,5,10,3,1,1,2,4,4,poor,4,1
Sreejith_Neethu,26,medium,2,8,4,1,1,19,5,4,average,4,1
Sreejith_Arya,49,high,4,4,4,0,0,16,9,5,poor,10,0
Rahul_Arya,13,low,2,2,4,1,0,6,6,3,average,10,1
Vishnu_Divya,15,high,0,4,1,0,1,27,1,8,average,0,0
Sajin_Meera,47,low,1,3,6,1,0,11,3,10,good,10,1
Arjun_Divya,49,low,5,1,2,1,1,18,10,6,good,10,1
Sreejith_Neethu,38,high,0,8,8,1,1,8,4,7,average,6,1
Vishnu_Sneha,59,high,0,7,5,0,0,14,1,7,poor,5,0
Arjun_Sneha,24,low,4,8,2,0,1,17,7,4,poor,0,0
Akshay_Divya,44,medium,6,9,7,0,1,28,8,9,poor,8,1
Akhil_Revathi,10,low,4,4,3,0,0,4,7,1,average,0,0
Akhil_Parvathi,38,high,1,6,4,1,1,17,1,4,average,2,1
Manu_Anju,9,medium,4,7,8,0,0,13,10,2,poor,2,0
Akshay_Lekshmi,52,high,0,6,2,0,0,11,1,8,poor,8,0
Rahul_Arya,55,low,2,6,1,0,1,4,4,2,good,0,0
Akshay_Arya,33,medium,0,10,2,0,1,11,8,5,good,5,0
Akhil_Anju,18,high,3,2,3,0,1,26,7,9,good,2,1
Vishnu_Meera,39,medium,3,1,7,1,0,27,1,8,poor,10,1
Manu_Parvathi,4,low,2,10,5,0,1,10,10,1,good,7,0
Jithin_Divya,18,low,4,2,2,1,0,3,7,8,average,0,1
Arjun_Neethu,11,high,4,1,5,0,0,28,3,2,average,1,1
Nandu_Arya,53,medium,4,3,4,1,0,14,8,8,good,7,1
Vishnu_Divya,26,medium,6,10,6,0,0,27,7,9,average,9,1
Sreejith_Lekshmi,33,low,5,1,9,1,1,1,6,8,good,3,1
Arjun_Anju,60,low,1,3,3,0,0,20,9,3,good,6,1
Akhil_Meera,16,medium,0,1,5,1,0,8,2,3,poor,2,1
Nandu_Anju,18,high,3,9,7,0,1,25,6,9,good,4,0
Manu_Arya,24,low,1,4,7,1,1,9,3,4,poor,5,1
Sreejith_Revathi,26,medium,7,8,4,1,1,5,3,2,poor,6,1
Jithin_Sneha,22,medium,5,6,1,0,1,14,2,6,poor,2,1
Jithin_Arya,43,high,2,10,7,0,0,11,7,10,poor,9,0
Akshay_Lekshmi,20,low,4,9,2,0,0,2,2,6,good,4,0
Vishnu_Revathi,57,low,2,6,3,0,1,26,6,8,average,2,0
Akshay_Lekshmi,46,low,4,9,5,1,1,0,8,6,average,3,1
Arjun_Anju,25,medium,3,4,5,0,0,24,10,3,good,1,0
Manu_Divya,2,low,3,10,9,1,1,24,3,8,good,3,1
Rahul_Sneha,7,low,2,3,5,0,1,13,5,5,poor,10,1
Manu_Arya,1,low,5,3,6,0,0,9,3,7,average,1,1
Arjun_Athira,8,medium,0,5,9,0,1,18,3,5,poor,7,0
Rahul_Arya,25,medium,6,3,5,1,1,22,6,2,average,4,1
Akshay_Neethu,6,medium,5,8,1,1,0,28,6,5,good,9,1
Akshay_Sneha,25,low,0,10,10,0,1,28,2,3,good,4,0
Jithin_Divya,31,low,6,8,5,0,1,10,3,7,good,3,1
Sreejith_Athira,30,medium,1,10,7,0,1,20,7,4,average,8,0
Arjun_Divya,5,high,1,4,7,0,1,3,7,9,average,1,0
Vishnu_Sneha,40,low,7,7,6,1,0,6,10,6,average,3,1
Vishnu_Anju,9,high,1,1,9,1,1,4,2,9,poor,2,1
Akshay_Lekshmi,12,medium,3,5,4,1,0,14,10,3,good,6,1
Akshay_Arya,17,medium,1,9,4,0,1,11,10,3,average,9,0
Nandu_Arya,42,high,4,6,4,0,1,5,1,10,poor,9,0
Sreejith_Arya,50,low,3,9,3,0,0,10,2,9,average,4,0
Nandu_Neethu,16,low,0,10,8,0,1,28,3,3,poor,5,0
Manu_Sneha,34,high,5,5,3,0,1,10,4,2,average,5,1
Jithin_Lekshmi,43,medium,0,10,3,0,0,3,10,10,poor,0,0
Sajin_Revathi,8,high,1,6,10,1,0,2,8,1,good,6,1
Vishnu_Athira,21,medium,3,5,4,0,1,16,1,10,average,2,0
Nandu_Arya,37,low,7,3,6,1,0,12,2,10,good,2,1
Manu_Athira,39,medium,0,4,4,1,1,27,3,3,poor,0,1
Sajin_Sneha,6,low,2,6,2,0,1,12,4,5,average,6,0
Sajin_Revathi,30,low,1,8,3,0,1,23,6,5,average,5,0
Akhil_Divya,10,high,7,8,1,0,0,0,7,4,average,7,1
Akhil_Lekshmi,16,high,7,8,3,1,1,21,1,8,good,4,1
Jithin_Meera,16,medium,2,9,1,0,1,30,2,8,good,10,0
Rahul_Lekshmi,56,medium,1,2,7,1,0,2,8,10,average,0,1
Akhil_Sneha,22,medium,0,3,4,1,0,10,3,7,poor,9,1
Akhil_Parvathi,52,high,5,3,1,0,0,3,5,5,poor,3,1
Nandu_Revathi,37,high,5,8,5,1,0,24,3,8,poor,0,1
Rahul_Revathi,33,medium,4,9,1,1,1,30,10,1,poor,5,1
Vishnu_Lekshmi,7,low,4,6,4,0,0,15,6,5,poor,8,0
Vishnu_Parvathi,20,high,4,5,7,1,1,5,3,8,good,1,1
Jithin_Athira,59,low,3,9,9,1,1,3,6,5,average,7,1
Akhil_Lekshmi,20,high,5,1,4,0,0,15,9,2,good,6,1
Akhil_Lekshmi,29,high,5,5,2,1,1,28,1,1,poor,4,1
Manu_Athira,34,medium,0,6,9,1,1,24,8,10,average,2,1
Arjun_Lekshmi,24,high,3,2,3,1,1,30,8,10,good,6,1
Nandu_Meera,13,high,6,5,7,1,0,7,10,5,poor,4,1
Nandu_Sneha,3,low,1,10,7,0,1,28,6,6,poor,3,0
Manu_Arya,20,low,4,4,5,1,0,20,5,10,average,6,1
Sajin_Lekshmi,50,high,6,7,10,1,1,24,9,9,poor,1,1
Rahul_Revathi,49,low,0,10,6,0,0,28,4,7,average,9,0
Manu_Sneha,36,medium,1,5,5,1,0,11,7,10,poor,2,1
Rahul_Athira,52,low,2,8,10,1,1,26,8,3,poor,3,1
Rahul_Lekshmi,33,medium,7,2,8,1,0,30,7,5,average,6,1
Akshay_Athira,47,medium,7,3,8,1,1,7,10,7,good,10,1
Akshay_Anju,21,low,2,3,4,0,1,16,1,9,average,6,1
Vishnu_Arya,60,high,0,3,3,1,1,28,3,7,average,10,1
Sajin_Meera,45,medium,4,3,7,0,1,0,6,8,good,8,1
Jithin_Neethu,44,high,2,9,3,0,1,0,10,10,poor,2,0
Sreejith_Neethu,23,high,1,5,1,1,1,5,9,5,good,10,1
Rahul_Meera,29,low,2,10,9,0,1,15,10,10,average,8,0
Jithin_Divya,8,medium,5,5,1,0,1,7,1,3,poor,0,1
Jithin_Anju,9,high,5,4,7,0,0,8,3,10,average,5,1
Rahul_Divya,50,low,2,1,2,0,0,20,2,3,poor,8,1
Arjun_Parvathi,10,high,0,8,2,0,0,8,5,1,average,3,0
Manu_Arya,54,low,1,4,9,1,1,10,7,1,poor,7,1
Akhil_Anju,6,low,1,4,1,0,1,9,10,5,poor,8,0
Nandu_Divya,52,high,6,6,7,1,0,29,8,7,good,7,1
Vishnu_Athira,60,high,4,4,8,0,0,3,10,3,good,5,0
Manu_Revathi,43,medium,5,1,6,1,1,1,8,1,poor,10,1
Vishnu_Lekshmi,11,low,5,4,3,1,0,20,1,2,average,6,1
Nandu_Anju,33,low,2,4,10,0,0,30,5,10,good,7,0
Nandu_Anju,22,medium,7,7,10,1,1,26,8,5,average,3,1
Nandu_Neethu,44,low,2,2,6,1,0,23,10,1,good,9,1
Vishnu_Anju,30,medium,7,7,10,1,0,3,7,1,good,6,1
Sajin_Neethu,47,high,6,1,5,1,1,5,2,2,poor,7,1
Sajin_Lekshmi,12,high,1,3,8,0,0,30,4,4,average,6,1
Arjun_Neethu,40,high,4,2,3,1,1,14,7,5,poor,4,1
Manu_Sneha,14,high,5,2,9,1,0,14,1,3,good,7,1
Akhil_Revathi,13,high,4,9,4,0,0,20,9,8,good,0,0
Manu_Parvathi,59,low,2,5,7,1,1,24,3,5,average,2,1
Sajin_Divya,13,medium,3,5,9,1,0,24,9,2,average,2,1
Akhil_Arya,4,low,5,9,5,1,1,9,1,1,average,3,1
Akhil_Sneha,4,medium,7,7,9,1,0,8,6,1,good,2,1
Nandu_Revathi,26,low,2,6,10,0,0,12,5,2,poor,4,0
Sreejith_Revathi,53,low,1,9,2,1,1,8,10,5,good,1,1
Sajin_Parvathi,25,medium,3,2,3,1,1,15,10,1,poor,1,1
Sreejith_Divya,4,low,4,1,10,0,1,14,5,9,good,4,1
Arjun_Revathi,57,medium,4,7,8,1,1,19,6,7,average,6,1
Nandu_Sneha,4,low,6,1,5,1,0,17,2,5,poor,6,1
Manu_Neethu,39,medium,6,9,6,1,0,28,8,2,average,8,1
Rahul_Lekshmi,25,medium,2,7,1,0,1,22,9,9,average,10,0
Jithin_Lekshmi,27,medium,0,9,4,1,0,18,9,6,average,5,1
Akhil_Meera,24,low,4,3,2,0,1,30,3,10,poor,9,1
Akhil_Athira,6,high,2,10,6,1,1,10,4,5,good,8,1
Vishnu_Anju,47,low,3,4,5,0,1,30,1,6,good,8,0
Akhil_Anju,2,low,5,2,6,0,0,5,5,7,average,6,1
Rahul_Sneha,13,high,6,3,9,1,1,14,9,9,poor,0,1
Akshay_Revathi,59,medium,0,5,2,1,0,1,3,7,average,6,1
Akshay_Divya,50,low,2,4,3,0,1,14,7,6,good,5,0
Sreejith_Divya,26,high,4,8,10,1,0,14,6,10,average,3,1
Akhil_Arya,26,medium,0,7,3,1,1,12,6,5,good,10,1
Sreejith_Lekshmi,14,medium,1,1,5,0,0,20,8,2,average,0,1
Arjun_Arya,43,low,7,3,7,0,1,15,8,5,good,2,1
Sajin_Meera,9,low,1,6,7,1,1,5,4,4,good,8,1
Rahul_Arya,44,low,4,3,3,1,1,20,3,8,poor,7,1
Nandu_Sneha,29,medium,1,10,1,0,0,25,6,5,good,4,0
Vishnu_Anju,41,medium,6,1,1,0,1,10,8,8,average,2,1
Jithin_Arya,8,high,0,3,6,1,0,27,8,10,average,4,1
Rahul_Neethu,16,medium,5,2,6,1,1,8,2,4,good,5,1
Arjun_Arya,32,medium,0,6,3,1,1,6,6,1,average,2,1
Vishnu_Parvathi,8,low,1,10,10,1,1,20,10,2,average,2,1
Jithin_Athira,56,high,2,5,8,0,1,8,1,8,good,1,0
Vishnu_Lekshmi,24,high,5,3,2,0,1,6,7,1,good,2,1
Vishnu_Meera,18,high,5,2,2,1,1,3,2,3,poor,2,1
Jithin_Divya,34,low,7,5,3,0,1,24,6,3,average,9,1
Sreejith_Lekshmi,14,medium,7,1,6,1,0,23,1,2,poor,5,1
Akhil_Arya,41,high,2,4,3,1,0,22,4,6,poor,1,1
Nandu_Revathi,18,high,6,9,6,0,1,28,4,5,poor,7,1
Arjun_Meera,49,low,2,5,4,0,1,8,6,2,good,8,0
Akhil_Divya,21,high,1,7,4,0,0,3,1,7,good,4,0
Rahul_Arya,60,high,3,1,5,0,1,4,9,9,good,3,1
Rahul_Neethu,24,low,2,4,6,1,0,12,9,2,average,5,1
Nandu_Revathi,59,low,5,4,7,0,0,24,3,6,average,2,1
Rahul_Divya,24,medium,4,2,9,0,1,9,8,6,poor,7,1
Nandu_Sneha,52,medium,0,8,3,0,1,25,1,7,good,4,0
Sajin_Parvathi,4,medium,1,5,4,1,0,25,6,8,poor,6,1
Nandu_Parvathi,37,high,6,5,5,1,0,23,4,10,average,8,1
Sajin_Lekshmi,10,medium,0,4,6,0,1,18,2,4,poor,4,0
Sajin_Revathi,12,high,6,8,6,1,0,4,1,7,average,4,1
Jithin_Parvathi,49,high,2,5,9,0,1,1,5,8,good,0,0
Jithin_Meera,36,low,3,2,8,1,0,5,3,2,good,1,1
Arjun_Sneha,58,high,0,2,9,1,0,22,1,1,poor,0,1
Akshay_Neethu,3,high,7,8,4,1,0,17,3,2,average,3,1
Sreejith_Divya,29,low,7,10,5,1,1,22,8,7,good,3,1
Vishnu_Athira,27,high,7,7,7,0,0,27,3,9,average,7,1
Arjun_Divya,47,high,5,2,1,1,1,20,10,10,poor,4,1
Arjun_Athira,9,low,3,8,10,1,1,27,1,2,good,7,1
Jithin_Lekshmi,51,low,7,8,9,0,0,14,1,3,poor,2,1
Nandu_Revathi,29,low,5,1,4,1,1,27,3,4,average,2,1
Jithin_Meera,6,high,0,2,7,1,1,9,8,1,average,1,1
Jithin_Sneha,51,medium,1,1,7,1,0,15,1,9,poor,0,1
Sreejith_Anju,35,high,6,5,10,1,0,16,2,5,good,5,1
Manu_Meera,50,high,4,1,10,0,0,11,10,10,poor,1,1
Nandu_Sneha,36,low,5,6,4,0,1,18,4,6,good,8,1
Manu_Meera,57,high,3,7,6,0,1,13,9,10,average,5,0
Vishnu_Meera,40,medium,6,10,4,0,1,26,4,1,average,5,1
Jithin_Meera,60,low,5,8,7,0,1,2,7,6,good,4,1
Akshay_Revathi,6,low,6,8,10,0,0,3,6,10,average,0,1
Sreejith_Divya,40,high,6,1,2,1,0,7,10,6,average,10,1
Arjun_Sneha,1,medium,7,10,1,0,1,26,2,4,good,9,1
Rahul_Divya,24,low,1,2,8,1,0,22,10,1,poor,4,1
Rahul_Sneha,34,low,5,5,6,1,1,10,8,9,average,0,1
Akhil_Meera,19,low,2,10,1,1,1,20,10,7,average,2,1
Sajin_Neethu,2,medium,6,1,5,0,1,7,3,3,poor,9,1
Jithin_Neethu,52,low,2,8,3,1,1,23,3,10,average,2,1
Arjun_Anju,48,low,6,1,2,1,1,23,7,8,poor,5,1
Manu_Anju,29,high,5,3,4,1,1,1,6,10,average,7,1
Sreejith_Neethu,49,high,0,8,7,1,1,6,9,4,good,8,1
Jithin_Lekshmi,7,medium,1,10,6,0,0,5,6,5,good,10,0
Akhil_Sneha,38,low,6,1,7,1,0,10,9,3,poor,0,1
Sajin_Meera,11,low,3,8,4,1,0,14,10,2,good,8,1
Akshay_Meera,42,high,6,10,9,0,0,22,10,7,average,0,1
Akshay_Divya,29,low,4,1,8,0,0,22,6,7,average,7,1
Akhil_Parvathi,13,high,0,2,10,1,1,9,7,10,poor,4,1
Jithin_Lekshmi,36,low,4,2,2,0,0,17,5,10,good,10,1
Sreejith_Parvathi,31,low,0,1,8,0,1,17,10,4,poor,5,1
Arjun_Parvathi,42,high,6,6,5,0,0,22,5,3,average,3,1
Manu_Parvathi,41,medium,6,8,8,0,1,17,6,9,poor,4,1
Rahul_Neethu,3,medium,2,4,9,0,0,23,2,9,average,8,0
Akhil_Anju,20,medium,1,7,4,1,0,17,7,1,poor,2,1
Arjun_Anju,27,medium,7,2,4,1,1,14,5,2,average,9,1
Arjun_Parvathi,42,medium,6,7,10,1,1,26,5,2,poor,8,1
Jithin_Anju,5,medium,2,3,4,0,0,15,8,7,good,2,1
Vishnu_Neethu,9,medium,2,6,6,0,1,28,5,2,average,6,0
Rahul_Arya,52,high,6,6,6,0,1,16,7,5,average,6,1
Akhil_Athira,26,high,6,5,5,1,1,17,1,4,average,3,1
Nandu_Meera,37,low,5,8,2,0,1,28,1,6,good,10,1
Arjun_Meera,15,high,1,7,3,1,1,9,2,2,good,10,1
Sreejith_Arya,37,low,3,6,1,0,1,19,4,2,average,6,0
Rahul_Parvathi,48,high,4,2,1,0,1,11,5,3,poor,6,1
Vishnu_Lekshmi,40,high,0,10,3,1,0,11,6,6,average,10,1
Akshay_Lekshmi,33,low,4,9,10,0,1,3,2,9,good,9,0
Nandu_Lekshmi,29,medium,3,10,5,1,0,17,8,4,average,9,1
Manu_Divya,51,medium,7,4,3,1,0,5,2,1,good,1,1
Jithin_Sneha,12,medium,3,2,10,0,1,13,8,2,good,6,1
Vishnu_Athira,35,high,5,2,1,0,1,25,5,10,poor,3,1
Akshay_Revathi,37,high,7,10,5,0,1,26,5,2,average,3,1
Arjun_Meera,3,medium,0,1,7,0,1,16,9,5,good,2,1
Sreejith_Meera,30,low,3,10,7,0,0,24,9,8,good,1,0
Sreejith_Revathi,53,low,4,2,7,0,1,11,3,3,poor,4,1
Jithin_Athira,51,low,3,8,6,0,1,18,10,6,good,3,0
Vishnu_Arya,4,medium,0,6,1,1,1,30,8,2,average,3,1
Rahul_Divya,22,low,0,8,10,0,1,2,8,4,average,10,0
Arjun_Sneha,56,low,6,8,8,0,0,9,4,10,poor,9,1
Vishnu_Sneha,2,high,3,9,2,1,0,15,10,9,poor,6,1
Sajin_Athira,20,high,7,1,5,1,0,27,9,2,good,7,1
Manu_Neethu,44,high,6,3,7,1,1,7,4,8,average,7,1
Jithin_Anju,9,low,5,8,4,0,1,22,8,5,good,10,1
Arjun_Sneha,18,low,2,8,1,0,1,22,8,6,average,1,0
Vishnu_Anju,4,medium,4,9,7,0,1,19,7,9,good,1,0
Akshay_Meera,50,medium,1,1,6,1,0,16,7,3,average,3,1
Sajin_Sneha,20,medium,6,5,4,1,1,21,10,8,average,4,1
Akshay_Sneha,38,high,5,3,6,0,0,27,4,5,poor,10,1
Sreejith_Athira,22,low,4,9,1,1,1,12,4,7,average,5,1
Rahul_Divya,8,low,3,9,10,0,1,30,7,9,poor,5,0
Sajin_Neethu,36,high,4,9,10,0,0,30,3,5,average,7,0
Rahul_Parvathi,41,medium,2,4,4,0,0,14,7,7,good,0,0
Akhil_Sneha,8,low,5,4,7,0,1,16,4,7,poor,4,1
Rahul_Arya,2,low,5,6,2,0,1,28,3,4,average,7,1
Akshay_Divya,31,high,3,3,10,0,0,17,6,8,good,10,1
Rahul_Anju,22,medium,1,10,6,1,0,1,9,2,average,0,1
Jithin_Athira,22,high,6,8,9,0,1,18,8,7,good,9,1
Sajin_Divya,20,high,5,3,9,0,0,13,3,9,poor,5,1
Manu_Sneha,42,low,2,4,10,0,0,25,5,2,good,8,0
Vishnu_Divya,52,high,5,10,8,1,0,2,8,7,good,7,1
Vishnu_Parvathi,26,low,1,5,5,1,1,6,4,7,poor,2,1
Rahul_Revathi,16,medium,0,7,5,1,1,14,1,5,average,1,1
Sreejith_Arya,31,medium,2,6,3,0,1,5,6,4,poor,5,0
Nandu_Anju,52,high,5,2,3,0,0,29,9,9,average,5,1
Akshay_Arya,51,low,6,5,9,0,1,19,1,7,good,0,1
Jithin_Sneha,26,low,1,9,6,0,0,11,1,2,good,9,0
Arjun_Arya,6,high,6,10,2,1,1,17,6,7,average,0,1
Vishnu_Sneha,33,medium,3,4,3,0,1,14,4,9,average,6,0
Sajin_Sneha,52,high,1,7,10,0,1,17,2,6,good,3,0
Akhil_Athira,57,high,3,3,9,0,1,20,6,6,good,2,1
Jithin_Parvathi,15,high,4,1,10,1,1,2,7,6,average,1,1
Manu_Lekshmi,25,low,6,10,10,1,1,21,9,6,good,2,1
Rahul_Arya,42,medium,4,6,2,1,1,9,10,10,poor,6,1
Jithin_Sneha,33,high,6,8,2,0,0,29,10,2,good,10,1
Vishnu_Anju,56,medium,7,3,7,0,0,11,1,10,average,4,1
Rahul_Lekshmi,48,medium,4,1,6,1,1,21,3,1,average,8,1
Rahul_Meera,2,high,3,6,2,1,0,26,6,6,poor,0,1
Sreejith_Athira,46,low,3,5,9,1,0,25,10,9,average,10,1
Vishnu_Anju,13,high,3,10,8,0,0,4,7,3,poor,0,0
Sajin_Athira,58,high,3,10,6,0,0,17,6,3,average,4,0
Vishnu_Revathi,43,low,5,10,8,1,1,14,4,3,poor,1,1
Manu_Neethu,29,low,2,10,5,1,0,25,6,5,poor,2,1
Sreejith_Anju,6,high,5,8,8,1,0,14,2,5,poor,6,1
Sajin_Divya,19,low,5,7,10,0,0,16,5,1,good,6,1
Sreejith_Meera,20,low,7,8,8,0,0,5,8,1,poor,3,1
Vishnu_Neethu,2,low,3,5,6,1,0,24,1,4,poor,9,1
Arjun_Anju,34,medium,3,3,8,0,1,6,9,7,average,3,1
Sajin_Meera,60,high,2,4,8,0,0,13,7,9,good,2,0
Nandu_Athira,23,high,7,9,2,0,0,2,2,7,poor,6,1
Akshay_Sneha,6,high,4,6,7,1,0,28,6,8,average,8,1
Manu_Arya,55,low,5,7,9,0,0,7,10,1,average,10,1
Akshay_Revathi,34,high,2,8,1,0,0,24,10,7,poor,1,0
Sajin_Athira,3,medium,0,9,9,0,1,6,9,9,poor,1,0
Sajin_Athira,29,medium,3,8,2,1,1,24,2,2,average,10,1
Nandu_Parvathi,45,low,7,8,10,0,1,28,4,4,poor,8,1
Arjun_Arya,48,high,4,9,1,0,0,1,7,8,average,4,0
Akhil_Divya,15,high,1,4,7,0,0,26,10,5,poor,1,0
Jithin_Neethu,1,medium,3,6,10,1,0,24,5,5,good,1,1
Jithin_Sneha,51,low,1,7,7,0,0,18,8,6,average,6,0
Akshay_Arya,1,medium,1,9,2,1,1,2,2,7,good,0,1
Jithin_Divya,21,high,3,1,2,1,0,14,1,9,poor,4,1
Sreejith_Revathi,20,high,7,10,2,0,0,21,9,3,average,10,1
Jithin_Arya,13,low,4,4,9,1,0,24,9,2,good,4,1
Rahul_Lekshmi,37,high,4,1,6,1,1,3,4,3,average,6,1
Akhil_Athira,3,low,6,5,7,1,0,0,1,5,average,8,1
Vishnu_Lekshmi,42,low,4,9,9,1,1,4,1,9,good,4,1
Rahul_Divya,16,high,1,4,10,0,1,6,2,4,average,3,0
Akshay_Neethu,51,medium,6,6,5,1,1,28,10,8,poor,9,1
Vishnu_Athira,57,low,5,10,5,1,0,2,4,3,average,4,1
Sreejith_Anju,41,medium,6,10,9,1,0,5,8,6,poor,3,1
Akhil_Athira,1,high,2,3,4,0,1,30,4,9,average,3,1
Sajin_Lekshmi,23,high,2,5,1,1,0,10,9,8,poor,6,1
Rahul_Athira,14,high,0,4,1,1,0,2,5,6,good,2,1
Vishnu_Revathi,11,high,5,7,7,0,1,24,8,4,average,5,1
Manu_Meera,9,medium,2,4,4,1,1,0,4,7,good,4,1
Rahul_Lekshmi,52,low,2,4,4,0,0,11,3,9,poor,1,0
Akhil_Neethu,50,high,3,7,5,1,0,11,6,1,good,2,1
Nandu_Neethu,55,low,3,7,3,1,0,0,7,2,good,10,1
Manu_Divya,18,low,2,8,5,1,1,17,4,3,good,3,1
Nandu_Parvathi,41,high,3,5,1,0,1,18,10,2,average,9,0
Manu_Athira,35,medium,4,3,2,1,1,29,2,4,good,3,1
Vishnu_Neethu,19,high,1,6,7,1,0,14,10,8,poor,5,1
Vishnu_Divya,34,low,5,3,8,0,1,2,5,9,average,0,1
Rahul_Anju,38,high,5,5,6,1,0,21,10,4,poor,2,1
Sajin_Meera,57,medium,5,7,10,0,1,23,7,3,average,8,1
Manu_Sneha,13,medium,4,1,5,0,0,2,9,5,good,5,1
Arjun_Divya,49,high,3,4,3,1,1,7,7,8,good,5,1
Sreejith_Revathi,24,high,5,4,9,1,0,15,3,2,average,8,1
Rahul_Sneha,26,high,5,2,9,0,1,18,9,1,average,2,1
Rahul_Anju,38,medium,7,1,9,0,1,14,1,2,average,8,1
Jithin_Parvathi,18,high,4,2,2,1,1,21,4,6,good,2,1
Jithin_Meera,3,medium,3,7,8,0,1,7,1,1,average,9,0
Nandu_Lekshmi,43,medium,5,1,10,0,1,12,10,9,average,5,1
Nandu_Lekshmi,13,medium,1,2,6,0,1,15,2,3,good,3,1
Nandu_Athira,17,high,7,6,7,0,1,17,5,2,good,6,1
Sajin_Revathi,43,high,0,3,5,0,0,29,7,6,good,5,1
Rahul_Meera,34,high,4,4,9,0,1,9,2,4,average,6,0
Akshay_Sneha,14,high,5,2,3,0,1,9,7,5,poor,7,1
Manu_Parvathi,42,medium,2,4,6,1,1,6,8,4,good,8,1
Arjun_Parvathi,16,low,7,1,9,0,1,8,5,9,average,0,1
Manu_Meera,19,medium,3,10,2,1,0,11,5,6,average,7,1
Nandu_Parvathi,2,high,4,2,4,0,0,20,4,9,average,4,1
Jithin_Revathi,12,low,3,9,4,0,1,19,5,1,poor,10,0
Akhil_Meera,23,low,2,4,1,1,1,25,8,4,poor,6,1
Sajin_Revathi,30,medium,5,4,4,0,1,18,8,8,average,3,1
Vishnu_Revathi,29,medium,5,1,7,1,0,16,7,10,good,0,1
Nandu_Lekshmi,8,medium,7,4,1,1,1,28,9,6,good,7,1
Rahul_Anju,49,medium,1,1,3,0,1,25,9,9,poor,9,1
Vishnu_Divya,47,low,3,10,1,0,1,3,4,5,poor,6,0
Akshay_Neethu,11,medium,4,3,1,0,1,2,7,4,poor,0,1
Jithin_Anju,35,high,2,5,9,1,0,0,5,7,average,6,1
Vishnu_Parvathi,60,low,1,2,7,1,1,19,3,3,poor,3,1
Rahul_Parvathi,12,low,7,5,9,0,0,12,10,9,average,9,1
Akshay_Revathi,57,low,4,7,1,1,1,0,3,9,average,4,1
Akshay_Neethu,18,low,7,6,6,1,1,23,5,5,good,4,1
Akhil_Athira,16,medium,3,6,1,0,1,7,7,5,average,10,0
Akhil_Divya,31,low,2,8,5,0,1,10,10,5,good,9,0
Sajin_Anju,6,low,3,5,9,0,0,9,10,2,good,7,0
Jithin_Neethu,52,low,3,6,4,1,1,18,3,3,average,1,1
Jithin_Parvathi,28,low,3,2,4,1,1,13,5,5,good,2,1
Manu_Arya,45,low,0,9,6,1,0,15,4,8,average,0,1
Akhil_Sneha,4,medium,3,10,9,1,1,12,4,5,average,10,1
Rahul_Sneha,10,high,7,2,4,0,0,1,7,8,poor,3,1
Manu_Neethu,15,medium,0,1,10,1,0,30,2,7,average,8,1
Vishnu_Revathi,30,low,4,5,2,1,0,19,1,5,poor,10,1
Akhil_Sneha,52,medium,0,6,5,1,0,5,10,8,average,5,1
Sajin_Lekshmi,14,medium,6,4,10,1,1,7,7,4,good,1,1
Nandu_Neethu,32,low,6,1,7,1,1,2,5,9,average,2,1
Manu_Anju,29,low,4,4,8,1,0,1,1,1,average,9,1
Akhil_Neethu,32,low,6,4,3,1,1,3,2,9,poor,0,1
Akshay_Neethu,18,medium,0,9,2,1,1,26,9,6,average,10,1
Akshay_Lekshmi,21,low,1,8,1,1,0,18,8,9,good,7,1
Akshay_Parvathi,27,low,7,6,5,1,1,17,7,6,average,4,1
Nandu_Arya,3,high,2,7,5,1,0,23,1,10,average,6,1
Vishnu_Anju,37,low,1,5,1,1,1,20,7,10,poor,3,1
Rahul_Sneha,34,low,6,9,9,1,0,17,5,8,average,7,1
Sajin_Anju,21,high,1,2,2,0,0,17,3,9,poor,5,1
Sreejith_Revathi,52,high,5,1,9,0,0,27,10,9,average,3,1
Vishnu_Lekshmi,60,medium,7,8,2,1,1,6,9,1,good,0,1
Jithin_Parvathi,54,medium,1,7,7,0,0,13,8,1,good,10,0
Vishnu_Revathi,12,low,5,7,6,1,0,30,5,9,average,3,1
Jithin_Divya,2,medium,1,6,1,1,1,4,3,8,good,6,1
Jithin_Parvathi,58,low,4,5,9,1,1,17,10,3,average,7,1
Sreejith_Anju,14,high,5,4,7,0,1,13,5,10,good,5,1
Akhil_Parvathi,60,medium,6,5,6,0,0,23,9,6,good,7,1
Akhil_Sneha,43,high,3,2,5,1,1,13,9,7,good,5,1
Manu_Divya,7,high,1,10,8,1,1,1,1,9,poor,0,1
Rahul_Anju,18,high,3,3,7,0,0,10,5,5,good,9,1
Akhil_Athira,59,low,4,8,8,0,0,18,7,1,average,5,0
Sreejith_Lekshmi,51,medium,2,1,1,0,1,0,1,9,poor,7,1
Rahul_Meera,19,medium,3,9,9,1,1,8,2,1,poor,3,1
Sreejith_Athira,51,medium,3,2,2,0,1,14,4,1,good,8,1
Sreejith_Anju,29,medium,3,1,1,1,0,18,8,3,average,3,1
Jithin_Arya,51,low,4,7,10,0,0,19,10,6,good,9,0
Akshay_Revathi,48,low,5,4,7,1,1,28,4,9,good,5,1
Vishnu_Neethu,21,high,4,3,3,1,1,1,5,8,good,1,1
Nandu_Anju,17,low,1,5,1,0,1,21,3,4,good,8,0
Jithin_Revathi,37,high,1,4,5,1,1,12,6,7,good,10,1
Akshay_Meera,30,medium,1,5,3,0,0,2,2,4,good,6,0
Vishnu_Lekshmi,38,high,6,5,8,1,1,15,1,9,poor,9,1
Manu_Divya,5,high,7,2,3,0,0,29,9,3,average,3,1
Jithin_Divya,22,low,6,8,3,0,1,20,4,9,average,1,1
Sreejith_Anju,17,high,3,10,9,0,1,20,8,2,average,7,0
Sreejith_Revathi,12,low,1,9,7,0,0,9,5,8,good,6,0
Arjun_Sneha,55,medium,3,2,1,1,1,19,2,4,average,4,1
Manu_Revathi,57,low,0,8,9,1,1,5,6,1,average,4,1
Vishnu_Meera,27,low,1,3,6,0,0,12,9,3,average,5,1
Jithin_Neethu,13,medium,3,7,8,0,1,13,9,3,average,6,0
Arjun_Athira,36,high,6,1,7,0,0,0,2,4,good,7,1
Nandu_Meera,27,low,5,4,7,0,1,24,1,10,poor,2,1
Arjun_Sneha,54,high,0,3,2,1,1,28,6,9,poor,0,1
Nandu_Anju,41,medium,0,9,4,1,1,7,2,10,good,4,1
Jithin_Divya,25,medium,1,4,2,0,1,17,9,6,good,3,0
Jithin_Parvathi,11,high,2,2,7,0,0,3,8,2,average,9,1
Vishnu_Parvathi,30,high,0,7,5,0,0,1,2,6,average,1,0
Rahul_Arya,2,medium,6,3,9,1,0,17,9,10,poor,4,1
Akhil_Neethu,44,high,2,5,3,1,1,23,2,1,good,8,1
Manu_Parvathi,6,low,5,8,1,0,1,6,5,8,poor,8,1
Sajin_Lekshmi,50,medium,7,10,2,0,1,3,4,6,good,4,1
Sreejith_Neethu,31,high,2,5,3,0,0,22,9,10,good,4,0
Arjun_Neethu,54,high,3,7,6,1,1,29,5,8,average,6,1
Akshay_Neethu,5,low,5,4,4,0,1,6,5,10,average,1,1
Sajin_Revathi,37,low,0,10,9,1,0,30,1,3,average,6,1
Akhil_Revathi,37,low,1,10,2,0,1,24,4,7,poor,1,0
Rahul_Athira,51,medium,7,2,4,0,1,26,6,7,good,8,1
Sajin_Neethu,50,medium,1,10,1,1,1,3,7,4,poor,6,1
Jithin_Anju,3,low,5,10,2,0,0,29,6,6,average,6,1
Nandu_Lekshmi,20,low,3,9,4,1,1,12,2,1,average,2,1
Jithin_Lekshmi,22,low,0,9,1,0,0,22,5,7,average,6,0
Sreejith_Meera,22,medium,4,4,1,0,0,4,4,6,poor,0,0
Sreejith_Divya,36,medium,3,5,4,1,0,24,1,6,average,6,1
Vishnu_Parvathi,6,low,5,4,9,1,0,20,4,9,average,2,1
Jithin_Lekshmi,18,low,4,4,6,1,0,6,6,1,good,3,1
Manu_Arya,51,high,4,10,9,1,1,2,2,4,average,1,1
Vishnu_Divya,19,low,6,5,2,1,0,13,2,8,good,3,1
Sreejith_Parvathi,41,high,0,7,7,1,1,7,2,1,poor,0,1
Rahul_Parvathi,5,high,0,8,2,1,0,9,5,4,poor,2,1
Sreejith_Lekshmi,38,low,7,7,3,1,0,21,5,8,average,1,1
Sreejith_Lekshmi,27,high,0,9,5,1,0,9,9,8,average,9,1
Sreejith_Lekshmi,57,low,0,3,6,1,1,4,7,7,poor,10,1
Jithin_Lekshmi,25,medium,2,7,4,0,0,26,8,1,good,7,0
Vishnu_Revathi,25,high,7,2,3,1,0,14,9,4,average,7,1
Jithin_Parvathi,46,medium,3,9,5,1,1,12,10,1,good,8,1
Sreejith_Parvathi,6,high,4,10,4,0,1,19,10,10,good,0,0
Vishnu_Revathi,26,medium,0,1,4,0,0,11,8,6,good,5,1
Jithin_Divya,45,high,0,5,3,1,1,22,1,6,average,10,1
Sreejith_Arya,53,medium,1,5,5,0,1,2,5,6,good,7,0
Akhil_Lekshmi,26,medium,2,7,9,0,1,19,6,7,average,3,0
Sajin_Parvathi,52,medium,2,10,10,0,0,26,9,1,average,1,0
Akhil_Revathi,8,medium,4,4,8,1,0,6,2,7,average,3,1
Arjun_Divya,50,medium,0,10,4,1,0,7,8,7,good,3,1
Arjun_Athira,2,low,4,4,10,1,1,13,6,9,good,6,1
Arjun_Sneha,19,low,5,10,5,1,1,9,4,7,poor,2,1
Arjun_Athira,8,low,4,7,5,0,1,5,10,4,poor,0,0
Akhil_Revathi,43,high,4,1,5,0,1,1,8,6,average,5,1
Jithin_Lekshmi,37,low,1,9,4,1,0,5,10,2,poor,9,1
Manu_Athira,14,high,6,6,3,1,0,19,4,7,good,0,1
Manu_Sneha,58,low,0,2,9,1,0,9,3,1,good,9,1
Akhil_Lekshmi,21,medium,2,2,3,0,1,10,4,10,good,9,1
Jithin_Revathi,30,high,0,3,3,1,1,15,3,5,poor,0,1
Akhil_Athira,57,medium,5,6,3,0,0,9,7,7,good,3,1
Vishnu_Arya,15,high,2,5,7,1,0,29,10,7,average,3,1
Akshay_Meera,50,high,0,9,2,0,1,22,10,9,good,6,0
Sajin_Lekshmi,2,high,6,3,9,0,0,27,2,3,good,3,1
Arjun_Neethu,42,high,1,2,2,1,0,13,2,1,good,5,1
Jithin_Divya,2,medium,6,7,7,0,0,0,10,1,average,3,1
Sreejith_Anju,28,high,4,6,3,0,0,7,7,8,good,10,0
Jithin_Revathi,5,medium,3,9,8,1,1,17,1,2,average,10,1
Sreejith_Meera,12,medium,0,4,10,0,1,3,1,10,average,5,0
Sajin_Neethu,42,medium,5,4,7,0,0,27,6,8,average,4,1
Jithin_Divya,14,high,4,7,2,0,0,24,2,7,average,4,0
Jithin_Revathi,37,high,3,3,1,0,0,9,1,7,average,3,1
Sreejith_Arya,8,low,5,7,7,0,0,10,8,6,poor,3,1
Akhil_Meera,5,high,4,1,8,0,0,17,5,2,good,2,1
Manu_Parvathi,41,low,1,1,9,0,0,6,4,3,average,2,1
Sajin_Lekshmi,3,medium,5,9,5,1,1,26,8,5,good,8,1
Sajin_Divya,47,low,6,4,8,1,0,24,4,7,good,8,1
Nandu_Lekshmi,55,medium,3,2,2,1,1,4,1,5,good,3,1
Nandu_Sneha,36,low,0,8,6,0,0,29,2,7,average,1,0
Akshay_Arya,50,low,4,3,3,0,0,17,1,8,good,9,1
Manu_Revathi,53,high,3,1,7,1,0,23,4,7,good,1,1
Akshay_Divya,58,low,6,4,5,1,0,7,4,9,average,5,1
Arjun_Anju,16,low,0,9,7,0,0,28,2,5,good,3,0
Rahul_Neethu,28,high,5,4,3,1,0,26,5,5,average,5,1
Arjun_Meera,33,medium,5,5,8,1,1,16,1,2,poor,2,1
Akshay_Anju,32,low,1,6,8,1,1,17,2,8,average,4,1
Akhil_Athira,37,medium,4,10,4,1,0,16,7,4,poor,9,1
Jithin_Athira,48,medium,3,6,4,0,0,17,7,2,average,10,0
Jithin_Revathi,5,high,6,4,2,0,0,14,5,3,good,5,1
Arjun_Anju,42,medium,0,1,3,1,0,13,7,5,poor,1,1
Akshay_Revathi,34,medium,3,1,7,1,1,20,5,8,poor,0,1
Vishnu_Anju,41,medium,6,6,6,0,1,16,6,6,good,5,1
Arjun_Revathi,5,high,3,9,5,1,1,4,5,3,poor,7,1
Manu_Meera,34,high,4,3,3,1,0,26,8,2,good,7,1
Akhil_Revathi,35,medium,6,7,1,1,0,18,2,1,good,6,1
Rahul_Parvathi,19,high,2,5,4,0,0,11,9,3,good,5,0
Rahul_Sneha,47,high,1,3,7,1,0,8,10,7,average,0,1
Akhil_Revathi,57,low,1,4,8,0,1,7,7,5,good,0,0
Arjun_Neethu,3,high,6,4,4,0,0,15,7,8,good,9,1
Sajin_Arya,25,low,1,3,10,0,1,0,4,6,poor,3,1
Arjun_Revathi,37,low,5,2,3,1,1,9,5,10,good,4,1
Akshay_Neethu,55,medium,5,9,3,1,0,11,8,6,poor,0,1
Jithin_Neethu,7,low,5,8,6,0,1,26,2,6,poor,6,1
Rahul_Divya,52,medium,1,3,6,0,1,17,10,5,good,6,1
Nandu_Divya,22,high,6,6,2,1,0,26,2,6,average,1,1
Akshay_Sneha,39,low,5,3,9,0,0,4,3,1,poor,2,1
Jithin_Divya,25,low,3,4,3,0,0,8,5,9,poor,1,0
Akshay_Sneha,33,medium,7,5,9,0,0,12,5,8,good,0,1
Sajin_Anju,1,high,1,6,3,1,0,24,3,5,average,7,1
Manu_Athira,57,low,2,7,7,1,0,12,9,6,poor,3,1
Arjun_Lekshmi,57,high,4,5,4,1,0,7,10,7,poor,2,1
Nandu_Lekshmi,19,high,6,7,3,1,0,29,7,5,average,5,1
Akhil_Neethu,19,high,1,1,2,0,1,0,9,10,poor,4,1
Akhil_Revathi,44,high,6,9,9,1,0,27,7,1,good,10,1
Sreejith_Divya,39,low,5,6,8,1,1,0,10,6,good,9,1
Jithin_Meera,46,low,2,5,9,0,0,7,4,7,good,10,0
Nandu_Lekshmi,30,low,2,5,5,1,0,20,5,5,poor,1,1
Nandu_Parvathi,58,medium,7,10,8,0,1,28,5,10,average,7,1
Manu_Divya,15,high,0,3,2,0,1,13,10,1,poor,9,1
Arjun_Athira,31,low,1,1,7,0,1,27,9,9,poor,10,1
Manu_Arya,21,low,3,10,4,1,1,4,9,3,average,10,1
Rahul_Arya,51,low,6,3,2,0,0,1,1,6,average,9,1
Akshay_Meera,30,high,1,7,9,0,0,21,4,9,average,6,0
Akhil_Parvathi,57,low,3,9,8,0,1,30,10,4,good,9,0
Sreejith_Neethu,54,low,0,2,10,0,0,5,1,9,average,3,1
Sajin_Arya,44,high,6,8,6,1,1,27,3,1,average,10,1
Nandu_Arya,29,high,7,2,3,0,0,30,4,7,poor,3,1
Rahul_Athira,11,low,0,1,4,0,0,26,10,6,average,0,1
Rahul_Parvathi,9,medium,1,3,4,1,0,3,4,9,average,7,1
Akshay_Meera,48,medium,5,2,9,1,1,7,2,4,average,4,1
Akshay_Revathi,9,low,2,6,8,1,1,11,3,8,average,7,1
Manu_Anju,35,low,6,7,3,1,0,29,3,6,poor,1,1
Arjun_Lekshmi,53,low,0,10,5,1,0,2,2,1,good,8,1
Sreejith_Parvathi,36,low,7,5,8,1,0,16,8,9,poor,10,1
Akshay_Athira,60,medium,4,9,9,1,1,24,9,5,average,0,1
Vishnu_Parvathi,20,low,2,9,9,1,0,14,10,5,poor,1,1
Sreejith_Divya,52,low,3,3,10,0,0,16,9,2,poor,7,1
Sajin_Arya,40,medium,2,3,6,1,1,27,6,6,good,7,1
Sajin_Parvathi,3,low,0,2,8,1,1,24,2,1,poor,4,1
Sajin_Neethu,7,medium,5,8,7,0,1,27,1,3,good,6,1
Nandu_Revathi,29,low,2,3,9,1,1,11,5,1,poor,3,1
Manu_Parvathi,31,low,2,6,8,0,0,17,10,9,good,1,0
Jithin_Anju,48,high,0,1,2,1,0,28,4,1,good,9,1
Arjun_Revathi,56,low,7,8,7,1,0,24,10,4,good,8,1
Akhil_Arya,52,low,1,3,7,1,0,6,2,2,poor,8,1
Rahul_Parvathi,4,high,7,7,1,1,0,22,6,9,good,10,1
Akshay_Meera,53,medium,0,9,3,1,1,5,9,4,good,4,1
Arjun_Sneha,18,medium,1,3,6,0,1,1,8,10,average,4,1
Jithin_Athira,54,medium,4,4,6,1,0,12,7,5,good,6,1
Sreejith_Parvathi,27,high,5,3,1,0,1,8,7,5,average,4,1
Jithin_Lekshmi,55,medium,3,4,9,0,0,13,8,10,average,10,0
Rahul_Lekshmi,26,medium,5,6,9,1,1,20,9,7,average,10,1
Akhil_Meera,25,medium,6,5,7,0,0,23,6,4,average,2,1
Akshay_Arya,42,medium,2,9,9,0,0,11,10,5,poor,5,0
Manu_Meera,26,high,5,6,1,1,0,6,6,2,poor,7,1
Sajin_Anju,60,high,4,4,9,1,1,9,1,7,average,8,1
Vishnu_Lekshmi,28,medium,0,10,2,0,0,28,1,8,poor,1,0
Manu_Parvathi,24,high,7,1,4,1,0,3,1,3,poor,3,1
Vishnu_Revathi,23,low,2,8,4,1,1,19,3,4,good,10,1
Sreejith_Anju,4,medium,2,4,8,1,0,25,5,2,good,0,1
Arjun_Sneha,22,low,2,9,6,0,0,15,9,5,poor,10,0
Akshay_Divya,1,low,6,9,8,0,1,4,8,2,poor,7,1
Sajin_Athira,58,high,0,10,4,1,0,12,6,4,average,5,1
Nandu_Arya,14,high,3,2,1,1,1,21,10,7,poor,2,1
Sreejith_Lekshmi,18,high,0,1,2,1,0,12,6,3,poor,10,1
Akhil_Neethu,47,low,1,2,5,0,1,10,5,10,good,0,1
Arjun_Neethu,60,low,2,3,3,0,1,2,9,9,good,6,1
Manu_Revathi,23,low,2,3,9,1,0,23,1,1,poor,10,1
Jithin_Parvathi,5,medium,1,5,5,0,0,18,4,10,good,4,0
Sreejith_Revathi,42,low,2,5,5,0,1,19,10,6,poor,3,0
Vishnu_Neethu,44,low,0,2,7,1,0,13,1,2,average,10,1
Nandu_Lekshmi,28,medium,0,3,9,1,1,28,7,3,good,9,1
Jithin_Revathi,48,high,2,3,10,1,0,30,9,2,good,4,1
Jithin_Revathi,16,low,2,7,6,1,0,6,7,10,good,3,1
Manu_Meera,3,high,5,6,3,1,1,23,6,8,good,8,1
Akshay_Neethu,31,medium,3,9,1,1,1,26,8,3,average,10,1
Rahul_Meera,18,medium,1,3,5,1,0,10,7,9,good,7,1
Sajin_Parvathi,50,medium,4,5,2,1,1,11,4,7,poor,8,1
Akhil_Neethu,51,medium,1,10,10,0,1,29,7,10,average,9,0
Arjun_Meera,28,low,5,3,7,0,1,26,1,2,poor,8,1
Manu_Neethu,28,medium,6,10,9,0,1,29,6,1,good,8,1
Akshay_Anju,47,medium,4,4,3,0,0,7,4,5,good,5,0
Rahul_Neethu,27,high,0,6,4,1,1,30,6,1,average,7,1
Arjun_Parvathi,11,medium,6,2,8,1,1,15,10,5,good,4,1
Manu_Athira,18,high,2,4,9,0,1,14,1,8,good,6,0
Jithin_Divya,55,medium,0,5,5,0,1,17,10,8,good,7,0
Vishnu_Arya,25,high,6,9,5,1,0,0,9,7,good,3,1
Sreejith_Sneha,56,medium,6,5,6,1,1,21,9,1,good,10,1
Vishnu_Arya,59,medium,7,1,10,1,1,7,10,9,poor,1,1
Akhil_Revathi,57,medium,3,3,8,1,0,23,10,2,poor,8,1
Jithin_Meera,34,low,3,2,10,0,1,0,1,2,poor,4,1
Akhil_Anju,25,high,5,1,1,1,0,4,8,3,average,7,1
Akhil_Revathi,45,high,4,1,8,0,1,15,10,4,average,10,1
Jithin_Lekshmi,43,high,0,3,4,0,0,17,1,4,poor,0,1
Rahul_Sneha,46,high,5,10,3,1,1,7,7,9,poor,7,1
Jithin_Parvathi,25,low,2,6,4,0,1,19,8,1,poor,1,0
Jithin_Parvathi,16,low,0,9,5,1,0,18,4,8,average,9,1
Arjun_Athira,18,high,5,10,6,1,1,13,2,7,average,9,1
Akhil_Divya,44,high,0,7,1,1,1,11,9,10,good,10,1
Akshay_Sneha,15,high,0,5,9,0,0,9,5,4,good,6,0
Rahul_Anju,54,medium,4,8,7,0,0,0,8,3,good,8,0
Akshay_Athira,35,high,7,8,2,1,0,28,3,8,average,8,1
Vishnu_Divya,41,low,6,4,7,0,0,2,1,6,poor,10,1
Manu_Parvathi,7,high,0,6,3,0,1,8,1,6,average,4,0
Sreejith_Neethu,13,medium,3,7,2,0,0,4,3,5,good,0,0
Akshay_Divya,19,medium,1,10,3,0,1,21,3,3,average,9,0
Jithin_Athira,13,high,3,3,2,0,0,7,9,9,average,6,1
Sajin_Revathi,58,low,4,6,5,0,1,23,1,1,poor,4,0
Vishnu_Sneha,34,low,4,7,2,1,0,1,9,9,poor,8,1
Sreejith_Athira,10,low,5,3,5,1,0,5,3,6,poor,2,1
Jithin_Parvathi,35,low,5,2,6,1,0,21,1,7,poor,4,1
Akshay_Arya,32,low,6,3,7,1,0,24,10,6,poor,1,1
Vishnu_Neethu,14,medium,6,6,10,0,1,19,8,7,poor,9,1
Vishnu_Meera,43,low,0,9,2,0,1,25,2,9,average,0,0
Manu_Meera,23,low,6,1,6,1,1,18,2,2,average,0,1
Rahul_Meera,23,medium,0,2,3,1,1,10,6,6,average,1,1
Akshay_Sneha,3,medium,5,2,4,0,0,29,7,4,poor,6,1
Nandu_Sneha,26,medium,3,5,8,0,1,13,7,8,good,9,0
Akhil_Parvathi,42,low,0,6,10,1,0,15,6,7,good,5,1
Vishnu_Sneha,58,low,7,8,7,1,1,5,6,2,average,10,1
Sajin_Divya,39,medium,0,8,5,0,1,16,10,6,good,2,0
Akhil_Anju,1,medium,0,9,10,1,1,16,4,9,good,8,1
Jithin_Neethu,35,medium,2,4,6,1,0,0,1,6,average,9,1
Akshay_Lekshmi,33,medium,5,9,1,0,1,16,10,2,poor,6,1
Sreejith_Sneha,19,low,1,6,5,1,0,18,3,5,good,2,1
Sreejith_Parvathi,12,high,6,5,3,0,1,11,2,7,good,5,1
Manu_Anju,57,medium,0,3,6,1,0,27,3,4,good,5,1
Akhil_Sneha,25,high,4,6,7,1,1,20,6,3,good,2,1
Vishnu_Arya,9,medium,5,4,5,1,0,19,9,8,poor,7,1
Jithin_Lekshmi,53,medium,3,10,2,0,1,27,6,4,poor,10,0
Akshay_Parvathi,49,low,6,9,6,0,0,24,9,3,good,1,1
Nandu_Athira,17,low,7,9,9,0,0,24,8,10,good,2,1
Jithin_Divya,23,high,5,5,3,1,0,28,5,9,good,7,1
Akhil_Sneha,31,medium,4,8,2,1,0,13,9,2,poor,10,1
Akhil_Arya,13,medium,0,3,2,1,0,26,2,4,poor,0,1
Rahul_Parvathi,30,low,6,1,1,0,1,18,6,9,poor,10,1
Sajin_Sneha,24,low,4,3,4,1,1,3,8,4,good,2,1
Rahul_Neethu,10,high,0,6,9,1,0,16,9,7,good,0,1
Jithin_Neethu,2,low,1,2,4,1,1,30,6,5,good,5,1
Manu_Neethu,25,low,5,8,7,1,0,17,4,5,poor,9,1
Arjun_Arya,19,low,5,9,9,1,0,17,2,2,average,4,1
Sreejith_Neethu,47,low,6,4,7,0,0,10,6,6,average,9,1
Jithin_Parvathi,22,medium,4,10,4,1,0,28,3,1,average,5,1
Arjun_Anju,59,high,6,8,10,1,1,29,10,10,good,8,1
Akhil_Lekshmi,8,medium,4,4,8,1,1,12,10,10,poor,9,1
Akshay_Neethu,41,medium,0,6,7,1,1,22,9,6,average,0,1
Akhil_Meera,15,medium,0,9,5,0,1,1,7,6,poor,6,0
Sajin_Divya,19,medium,7,4,9,0,0,24,7,10,poor,7,1
Akhil_Parvathi,33,high,0,6,4,0,1,14,5,2,average,9,0
Manu_Parvathi,43,medium,2,4,9,1,0,1,9,2,good,5,1
Sreejith_Neethu,47,low,5,6,6,1,1,18,7,8,good,2,1
Akhil_Lekshmi,10,high,0,3,2,0,1,19,4,10,good,10,1
Nandu_Meera,52,medium,2,1,9,1,0,11,1,5,good,9,1
Sajin_Meera,44,medium,2,10,7,1,0,24,8,7,poor,4,1
Jithin_Anju,11,high,7,8,8,1,0,21,7,8,average,4,1
Sajin_Arya,4,medium,6,1,3,1,1,16,8,4,good,5,1
Sreejith_Meera,57,medium,5,8,8,1,1,1,10,7,good,4,1
Vishnu_Arya,57,medium,0,6,7,1,0,0,7,7,good,0,1
Akshay_Sneha,2,low,3,2,3,1,0,21,10,9,good,9,1
Akhil_Sneha,35,high,1,1,10,1,0,24,10,6,poor,8,1
Rahul_Meera,42,medium,4,4,2,0,1,20,10,5,poor,2,0
Jithin_Lekshmi,32,low,7,3,10,0,1,25,7,5,average,7,1
Vishnu_Revathi,24,medium,3,10,6,0,1,6,8,5,good,4,0
Jithin_Parvathi,8,medium,1,9,8,1,0,12,2,7,average,1,1
Rahul_Revathi,21,high,0,7,7,1,0,3,2,2,average,5,1
Sreejith_Revathi,12,low,4,6,5,0,1,2,8,8,good,2,0
Sajin_Athira,35,high,2,5,8,0,0,3,2,10,poor,9,0
Vishnu_Parvathi,20,high,6,4,1,0,1,4,7,5,poor,8,1
Sajin_Meera,28,high,5,5,5,0,1,0,7,10,average,8,1
Manu_Anju,24,low,3,7,5,0,1,30,1,7,good,0,0
Arjun_Sneha,55,medium,2,8,1,0,0,5,4,9,good,7,0
Sajin_Divya,58,low,4,3,4,1,1,20,3,7,good,2,1
Akhil_Meera,12,low,0,6,3,0,1,14,7,5,poor,2,0
Vishnu_Neethu,39,medium,4,8,8,0,0,12,5,6,poor,2,0
Akshay_Sneha,49,high,4,9,4,1,1,15,3,1,good,5,1
Vishnu_Parvathi,55,low,0,1,5,1,0,20,10,2,good,10,1
Manu_Anju,59,high,6,1,10,0,0,7,6,10,poor,5,1
Manu_Athira,22,low,0,10,5,0,1,6,4,8,poor,8,0
Akshay_Athira,23,low,5,5,6,0,1,27,10,1,poor,3,1
Vishnu_Neethu,48,low,4,10,9,1,0,13,3,2,good,7,1
Akshay_Sneha,60,medium,7,10,2,0,0,3,6,9,good,5,1
Manu_Parvathi,10,low,7,9,3,0,0,7,10,7,average,0,1
Arjun_Sneha,27,medium,5,6,10,1,1,16,2,5,good,0,1
Arjun_Lekshmi,59,medium,6,9,10,0,1,21,8,8,poor,4,1
Nandu_Parvathi,43,low,4,7,1,0,0,27,8,10,average,2,0
Sajin_Lekshmi,25,high,7,7,2,0,0,27,9,4,average,0,1
Arjun_Athira,54,high,6,3,3,1,0,23,5,4,good,8,1
Manu_Arya,53,low,7,5,9,0,0,13,5,4,poor,5,1
Manu_Arya,13,medium,3,10,5,1,1,30,5,9,average,3,1
Jithin_Parvathi,58,low,1,4,4,1,1,3,2,8,poor,0,1
Nandu_Sneha,57,medium,0,8,2,1,0,3,10,6,good,5,1
Jithin_Revathi,37,low,2,1,3,0,1,25,6,10,poor,3,1
Akhil_Revathi,46,medium,6,7,1,1,1,13,1,4,average,8,1
Sreejith_Arya,60,medium,5,7,4,1,1,21,7,1,poor,5,1
Akhil_Divya,31,medium,4,10,4,1,1,9,7,3,average,0,1
Sreejith_Sneha,31,high,6,6,10,0,1,25,5,2,average,4,1
Akhil_Neethu,43,medium,4,10,4,0,1,5,4,2,good,8,0
Rahul_Athira,40,medium,4,6,8,1,1,11,6,4,good,0,1
Vishnu_Revathi,25,high,1,10,6,1,1,11,9,5,good,2,1
Vishnu_Arya,6,low,2,4,9,0,0,8,2,8,good,3,0
Nandu_Athira,19,high,2,9,3,1,1,1,2,2,good,1,1
Sajin_Revathi,23,medium,1,5,7,1,1,29,10,10,average,3,1
Sreejith_Meera,52,high,3,3,9,1,1,10,7,7,poor,2,1
Vishnu_Anju,56,high,0,1,8,1,1,12,2,9,poor,8,1
Arjun_Meera,23,medium,4,10,3,0,0,25,4,8,poor,6,0
Jithin_Athira,22,low,7,1,1,0,1,8,9,5,average,4,1
Vishnu_Arya,28,high,7,9,3,1,1,6,6,6,poor,1,1
Arjun_Divya,22,medium,7,3,5,0,0,13,6,4,poor,0,1
Rahul_Parvathi,4,low,2,10,7,0,0,16,7,10,poor,6,0
Jithin_Lekshmi,2,medium,4,5,10,1,1,29,8,1,poor,5,1
Manu_Lekshmi,50,high,7,7,3,0,0,17,7,3,poor,5,1
Sreejith_Sneha,47,low,7,2,9,1,0,19,5,5,poor,5,1
Sreejith_Athira,23,medium,5,3,5,1,0,28,10,4,poor,6,1
Sreejith_Divya,32,high,2,3,9,1,1,15,5,7,average,8,1
Sajin_Neethu,50,high,4,6,6,0,1,17,5,4,good,3,0
Akhil_Athira,21,low,1,10,7,1,0,25,7,5,poor,6,1
Akshay_Lekshmi,36,medium,3,8,3,1,1,21,8,7,poor,6,1
Akshay_Anju,28,high,6,8,7,1,1,7,5,6,average,5,1
Nandu_Arya,4,medium,3,6,4,0,1,18,2,4,good,5,0
Arjun_Divya,43,low,3,4,6,1,1,29,8,1,average,0,1
Sreejith_Athira,40,medium,0,6,7,0,1,12,9,3,average,1,0
Arjun_Parvathi,18,low,5,3,7,1,0,1,6,8,poor,9,1
Vishnu_Athira,8,high,1,2,1,0,0,15,2,2,good,1,1
Nandu_Arya,46,high,4,4,10,0,0,17,3,10,good,10,0
Jithin_Revathi,47,high,7,7,8,0,1,7,8,2,average,7,1
Arjun_Parvathi,8,high,7,5,7,0,1,6,4,3,average,8,1
Sreejith_Divya,43,medium,3,9,6,0,0,3,7,2,good,9,0
Akshay_Divya,30,low,2,3,5,0,1,28,10,9,good,6,1
Manu_Sneha,6,medium,5,6,5,0,1,29,3,7,good,7,1
Sreejith_Meera,15,low,1,8,4,0,1,14,10,8,average,7,0
Akshay_Arya,41,low,1,8,1,0,1,2,3,1,average,10,0
Akshay_Revathi,11,medium,4,6,5,0,0,18,1,2,good,4,0
Sreejith_Athira,51,medium,6,2,3,1,1,20,4,3,average,6,1
Rahul_Lekshmi,6,low,4,1,8,0,1,7,6,10,poor,10,1
Akhil_Athira,3,low,5,1,6,0,0,5,2,9,good,7,1
Sajin_Neethu,51,low,2,8,6,0,1,26,5,9,good,2,0
Manu_Divya,2,medium,1,3,3,0,0,4,8,7,good,2,1
Akhil_Arya,57,high,1,2,10,0,0,23,7,5,average,3,1
Akshay_Anju,44,high,1,1,1,1,0,8,2,7,good,4,1
Akshay_Divya,50,high,4,6,8,0,1,9,9,5,poor,10,0
Jithin_Sneha,46,high,2,6,7,0,1,29,1,2,poor,1,0
Arjun_Meera,39,high,4,5,8,1,0,23,5,3,poor,7,1
Akhil_Lekshmi,41,low,3,3,10,1,1,5,5,1,good,10,1
Sreejith_Athira,22,medium,6,5,5,0,0,5,2,8,average,5,1
Vishnu_Meera,4,low,7,4,2,0,1,14,7,9,average,2,1
Sajin_Meera,46,medium,6,2,8,0,1,11,1,1,average,4,1
Sajin_Arya,15,high,4,1,8,0,1,3,10,8,average,7,1
Vishnu_Athira,14,high,2,9,2,1,1,23,3,4,average,2,1
Arjun_Meera,51,high,7,2,7,0,0,0,4,7,average,1,1
Sreejith_Parvathi,34,medium,0,3,4,1,0,0,3,5,good,7,1
Nandu_Neethu,47,high,6,5,2,0,0,30,5,2,good,8,1
Akhil_Sneha,11,medium,2,8,9,0,0,28,10,10,poor,7,0
Sreejith_Arya,47,low,6,4,4,1,0,6,8,4,good,6,1
Sajin_Meera,60,medium,3,2,7,1,0,2,10,2,average,6,1
Manu_Lekshmi,22,low,2,7,6,0,0,15,9,3,poor,4,0
Jithin_Arya,34,high,3,6,7,0,1,19,6,8,poor,8,0
Sreejith_Arya,7,medium,2,7,7,0,0,29,2,8,good,8,0
Akshay_Meera,57,high,2,1,5,0,0,21,5,9,average,3,1
Arjun_Arya,7,low,7,8,8,0,0,20,8,2,good,0,1
Jithin_Parvathi,55,medium,4,1,3,1,1,23,4,7,average,5,1
Nandu_Divya,60,low,0,5,8,1,1,8,10,8,good,0,1
Sajin_Divya,28,low,7,8,4,1,1,24,5,3,average,10,1
Vishnu_Neethu,17,high,7,1,7,1,0,15,4,9,good,1,1
Akshay_Revathi,48,low,4,5,4,1,1,19,1,7,poor,3,1
Akshay_Divya,8,medium,6,2,6,0,0,9,6,9,good,4,1
Akhil_Athira,53,medium,6,2,5,0,1,29,2,7,good,8,1
Akhil_Athira,17,high,5,8,9,1,0,15,3,6,good,10,1
Sajin_Arya,54,high,3,4,7,1,0,8,8,6,average,4,1
Rahul_Meera,29,low,4,6,7,1,1,5,3,1,average,5,1
Rahul_Parvathi,42,medium,0,4,7,1,0,6,1,8,poor,5,1
Rahul_Parvathi,46,low,1,10,5,1,1,6,2,2,poor,4,1
Arjun_Arya,50,low,4,4,8,1,0,4,3,5,poor,2,1
Arjun_Revathi,9,high,2,4,8,1,0,20,1,6,average,0,1
Nandu_Parvathi,36,medium,2,1,2,0,0,4,6,10,average,7,1
Arjun_Sneha,5,low,6,8,5,0,1,5,4,5,poor,1,1
Rahul_Anju,10,medium,5,8,5,0,1,5,6,7,average,1,1
Arjun_Neethu,33,low,6,6,10,1,0,23,7,2,average,7,1
Nandu_Parvathi,5,high,7,5,5,1,0,29,5,8,good,5,1
Sreejith_Anju,6,high,7,7,1,1,1,19,3,7,poor,9,1
Sajin_Parvathi,23,medium,1,6,3,0,1,9,6,10,poor,2,0
Vishnu_Revathi,29,medium,1,7,4,0,1,6,9,6,poor,10,0
Akshay_Athira,3,low,0,9,5,1,1,7,6,3,good,9,1
Manu_Sneha,4,high,2,3,6,1,1,17,9,3,poor,2,1
Nandu_Parvathi,25,low,4,9,5,1,1,16,5,3,average,8,1
Rahul_Neethu,48,low,2,1,7,0,1,25,3,8,average,10,1
Vishnu_Arya,3,medium,1,1,6,1,1,24,1,8,poor,8,1
Manu_Arya,36,high,6,5,7,1,1,13,8,1,good,5,1
Arjun_Meera,12,medium,3,1,2,1,0,1,5,1,good,9,1
Jithin_Anju,27,low,5,7,1,0,0,0,2,4,good,10,1
Jithin_Divya,7,low,0,8,7,1,0,24,10,10,poor,5,1
Sreejith_Anju,5,high,2,8,10,0,0,15,9,9,average,6,0
Manu_Neethu,10,high,5,9,6,1,0,12,3,10,good,4,1
Jithin_Divya,8,high,3,6,9,0,1,3,8,1,good,3,0
Arjun_Anju,9,low,4,2,7,0,0,1,9,8,good,1,1
Manu_Neethu,53,medium,5,6,10,1,0,15,8,1,poor,4,1
Sreejith_Revathi,7,high,5,1,9,0,0,1,3,8,poor,9,1
Sreejith_Parvathi,14,low,1,7,6,0,0,23,7,6,poor,0,0
Manu_Anju,49,low,2,9,4,1,1,24,6,3,good,5,1
Akshay_Divya,44,high,7,3,3,1,1,2,10,5,average,8,1
Sajin_Meera,31,low,4,2,4,0,1,16,4,6,average,1,1
Akhil_Neethu,52,low,4,1,5,0,1,19,3,7,poor,5,1
Manu_Athira,50,high,1,8,4,0,0,0,1,9,poor,2,0
Rahul_Neethu,58,high,1,4,3,1,1,1,6,10,poor,8,1
Nandu_Meera,53,medium,5,1,4,1,1,7,3,10,poor,7,1
Rahul_Meera,24,high,7,8,8,1,0,2,7,5,good,10,1
Akhil_Meera,41,medium,3,8,3,1,1,15,7,2,good,9,1
Akshay_Meera,44,high,5,10,6,1,0,2,6,3,poor,5,1
Sreejith_Lekshmi,33,high,3,10,4,0,1,21,5,4,good,1,0
Akshay_Athira,11,medium,5,9,6,0,1,27,5,9,average,5,1
Vishnu_Meera,4,low,7,10,2,0,1,29,6,7,poor,3,1
Akhil_Parvathi,6,high,5,4,4,1,0,29,7,9,good,7,1
Sajin_Meera,44,high,0,4,8,0,0,2,8,2,average,6,0
Sreejith_Arya,40,low,7,3,1,1,1,27,5,7,average,5,1
Manu_Lekshmi,55,high,3,8,2,0,0,1,4,6,poor,8,0
Arjun_Athira,5,low,2,8,9,1,0,15,9,3,poor,0,1
Arjun_Revathi,35,medium,1,9,5,1,1,25,10,3,good,1,1
Rahul_Neethu,19,low,2,7,10,1,0,26,1,2,good,1,1
Jithin_Anju,9,medium,0,7,2,1,1,27,4,8,poor,4,1
Vishnu_Sneha,26,high,6,4,1,0,0,20,4,10,poor,2,1
Arjun_Meera,38,low,0,10,6,0,0,27,2,4,poor,9,0
Vishnu_Athira,36,high,3,2,8,1,0,9,4,10,poor,5,1
Nandu_Revathi,3,high,2,6,8,0,0,26,5,7,average,2,0
Sajin_Neethu,18,medium,6,9,3,1,1,9,7,9,poor,1,1
Rahul_Meera,21,medium,1,5,6,0,1,22,3,4,average,4,0
Akhil_Athira,22,high,6,6,6,1,0,17,4,1,poor,0,1
Akhil_Divya,9,medium,3,10,9,1,0,14,6,3,poor,3,1
Vishnu_Athira,23,medium,1,1,3,0,0,19,9,1,good,2,1
Nandu_Lekshmi,28,medium,4,9,3,0,1,27,4,2,poor,5,0
Manu_Divya,11,high,0,10,8,0,0,5,9,4,poor,4,0
Arjun_Meera,12,low,6,8,10,1,0,9,2,9,poor,3,1
Arjun_Lekshmi,17,medium,5,2,3,1,1,25,5,5,good,8,1
Jithin_Sneha,38,medium,4,7,4,1,1,1,6,3,poor,1,1
Vishnu_Sneha,47,low,2,1,3,1,1,10,8,5,average,10,1
Akhil_Neethu,51,low,6,10,5,0,0,9,2,8,average,0,1
Arjun_Divya,43,high,3,4,8,0,0,4,7,3,good,10,0
Sreejith_Lekshmi,41,low,7,2,7,1,0,17,10,8,poor,4,1
Manu_Anju,34,medium,3,9,4,0,0,20,4,1,good,2,0
Rahul_Arya,59,medium,4,1,2,1,0,18,4,9,poor,9,1
Akshay_Neethu,22,medium,0,4,10,0,0,6,8,9,average,1,0
Manu_Neethu,59,low,6,8,4,0,1,22,7,3,good,10,1
Akshay_Anju,38,low,1,1,6,1,1,24,1,8,average,1,1
Nandu_Arya,17,medium,3,5,4,1,0,26,10,1,average,7,1
Nandu_Revathi,23,low,3,9,3,1,1,6,3,1,average,1,1
Manu_Athira,7,high,7,5,7,1,0,1,7,3,good,3,1
Akshay_Athira,35,medium,5,7,4,0,1,16,3,1,average,2,1
Arjun_Anju,38,medium,4,8,1,0,0,22,8,9,poor,0,0
Nandu_Neethu,33,medium,3,8,8,0,1,9,8,8,good,3,0
Jithin_Anju,4,low,5,6,9,1,1,19,7,3,average,6,1
Rahul_Arya,29,medium,0,1,3,1,0,25,7,1,poor,8,1
Akshay_Arya,37,low,2,8,8,1,1,17,4,4,poor,3,1
Rahul_Arya,60,high,4,8,10,1,1,13,7,8,good,4,1
Akshay_Arya,33,low,1,6,6,1,1,21,6,6,good,8,1
Nandu_Revathi,10,low,0,1,3,0,0,14,6,10,average,8,1
Akhil_Revathi,41,high,0,3,1,0,0,4,3,10,average,10,1
Akhil_Meera,18,low,5,5,5,1,0,28,4,10,average,5,1
Manu_Meera,59,low,0,8,1,0,0,20,9,5,average,6,0
Nandu_Parvathi,5,high,4,10,10,1,1,13,7,2,poor,9,1
Nandu_Lekshmi,48,high,0,6,7,0,0,18,7,3,good,0,0
Sajin_Athira,12,medium,7,9,5,1,1,15,5,5,average,3,1
Jithin_Divya,44,low,7,6,1,1,1,29,9,4,average,6,1
Sajin_Sneha,3,medium,7,7,9,1,0,14,5,1,poor,7,1
Sreejith_Meera,11,low,6,8,4,1,1,2,5,3,good,0,1
Nandu_Sneha,36,low,4,1,6,1,0,9,9,5,poor,6,1
Akshay_Neethu,15,low,4,10,6,1,1,27,7,5,poor,7,1
Sajin_Meera,55,low,1,1,10,1,0,9,5,10,average,10,1
Sajin_Meera,51,high,0,9,7,1,0,17,6,3,average,7,1
Sajin_Meera,17,high,4,2,7,0,0,12,4,8,good,5,1
Akhil_Divya,37,high,4,5,9,0,1,13,5,2,average,6,0
Nandu_Arya,31,low,1,5,4,1,0,6,6,1,average,10,1
Arjun_Divya,15,high,3,9,6,0,0,19,1,9,average,4,0
Sajin_Parvathi,1,high,2,2,10,0,1,18,4,8,poor,1,1
Rahul_Revathi,11,low,1,1,2,1,1,19,1,6,good,3,1
Vishnu_Arya,58,low,4,1,10,1,0,30,5,8,poor,9,1
Jithin_Meera,41,low,7,1,5,0,0,7,4,8,poor,6,1
Arjun_Arya,18,low,0,2,10,1,0,8,3,5,poor,10,1
Vishnu_Anju,58,low,0,6,6,0,0,17,9,6,good,1,0
Jithin_Revathi,4,medium,2,7,5,0,1,20,9,6,good,10,0
Akhil_Anju,23,medium,1,3,8,1,0,30,8,10,poor,6,1
Sajin_Lekshmi,29,high,0,7,1,1,0,29,2,4,good,4,1
Sajin_Divya,57,high,6,5,9,0,0,25,9,3,average,0,1
Vishnu_Meera,50,low,3,1,2,0,0,19,5,7,good,8,1
Akshay_Parvathi,55,medium,4,2,10,1,1,30,6,3,poor,0,1
Manu_Divya,52,high,7,5,3,0,1,26,6,8,poor,6,1
Vishnu_Lekshmi,54,medium,4,4,3,0,1,20,5,2,good,5,0
Akhil_Revathi,13,low,3,5,3,0,1,17,1,2,average,1,0
Sreejith_Divya,57,medium,6,4,6,0,0,30,10,7,good,2,1
Rahul_Sneha,12,low,7,5,8,0,1,7,9,4,average,3,1
Vishnu_Neethu,56,medium,5,1,3,1,0,14,9,1,poor,10,1
Akshay_Divya,4,medium,0,3,3,1,1,3,4,4,poor,3,1
Jithin_Revathi,45,low,4,7,4,0,0,8,1,8,average,0,0
Sreejith_Anju,8,high,5,8,9,0,1,9,7,9,poor,4,1
Akshay_Lekshmi,14,high,7,1,9,0,0,16,5,10,good,10,1
Sreejith_Anju,55,low,6,1,6,1,0,20,2,3,average,7,1
Sreejith_Anju,47,high,0,5,2,1,1,7,10,5,poor,0,1
Akhil_Lekshmi,42,medium,5,1,10,0,0,16,10,2,poor,3,1
Akshay_Parvathi,34,medium,6,1,1,0,1,9,7,3,poor,6,1
Arjun_Revathi,24,high,1,10,5,1,1,29,8,1,good,7,1
Jithin_Revathi,23,low,5,10,9,0,0,24,10,4,average,6,1
Rahul_Athira,29,high,4,5,3,1,1,1,10,7,poor,5,1
Rahul_Parvathi,25,low,0,9,1,1,0,21,8,7,good,9,1
Manu_Arya,13,low,4,8,7,0,1,8,2,10,average,3,0
Akshay_Lekshmi,31,medium,3,5,8,1,1,1,1,10,good,3,1
Jithin_Arya,11,high,5,3,4,0,1,9,5,1,poor,8,1
Sajin_Lekshmi,47,low,2,6,3,0,0,11,8,9,poor,10,0
Jithin_Sneha,34,high,3,8,4,0,1,0,8,7,average,0,0
Akhil_Divya,25,high,4,9,10,0,1,12,1,9,good,2,0
Sreejith_Parvathi,37,low,3,7,2,1,1,30,2,6,poor,3,1
Arjun_Lekshmi,41,medium,2,8,4,0,1,11,3,7,poor,5,0
Nandu_Athira,59,low,0,9,4,0,0,23,10,6,average,2,0
Jithin_Parvathi,51,medium,2,7,2,0,1,14,6,8,good,6,0
Manu_Arya,15,low,4,8,7,0,1,29,7,8,poor,4,0
Akhil_Arya,25,low,1,3,1,0,1,1,6,8,poor,7,1
Manu_Divya,48,medium,5,4,6,0,0,1,1,3,average,0,1
Nandu_Sneha,19,medium,1,7,5,1,1,6,7,2,poor,1,1
Akhil_Divya,28,medium,0,6,4,1,0,29,1,9,poor,6,1
Rahul_Divya,52,medium,2,3,5,1,1,16,10,8,average,8,1
Akshay_Divya,30,low,4,7,3,0,1,25,9,10,poor,8,0
Sreejith_Divya,23,medium,4,1,10,0,0,30,4,2,average,3,1
Sreejith_Arya,5,high,1,6,2,0,1,29,5,10,good,7,0
Sajin_Lekshmi,56,low,6,5,2,1,0,29,9,4,poor,8,1
Jithin_Neethu,26,medium,2,7,10,0,1,27,2,10,poor,7,0
Vishnu_Arya,12,medium,1,6,3,1,1,17,8,8,poor,10,1
Rahul_Parvathi,59,low,2,3,1,1,0,6,4,7,average,9,1
Manu_Lekshmi,16,low,2,6,2,0,0,3,4,4,good,10,0
Nandu_Lekshmi,33,low,0,4,3,0,1,16,2,1,good,4,0
Sajin_Arya,11,medium,3,2,5,1,1,12,1,7,average,6,1
Jithin_Anju,51,high,0,9,9,1,1,19,2,8,average,6,1
Jithin_Sneha,16,low,0,8,6,1,0,19,6,10,good,7,1
Akshay_Meera,35,low,0,4,3,0,1,1,4,8,good,4,0
Nandu_Anju,43,high,0,9,8,1,0,7,3,10,average,1,1
Sajin_Anju,49,low,0,9,9,0,1,26,8,8,average,7,0
Manu_Sneha,1,high,2,7,1,0,0,5,4,6,average,5,0
Manu_Lekshmi,2,high,3,10,8,0,1,19,5,4,poor,1,0
Akhil_Athira,2,high,2,7,1,1,1,23,7,4,good,9,1
Akshay_Arya,57,low,7,2,9,1,1,6,8,2,good,3,1
Rahul_Neethu,10,medium,7,6,9,0,0,7,7,4,good,7,1
Sreejith_Neethu,52,low,6,7,4,1,0,17,3,5,average,4,1
Arjun_Meera,7,low,4,2,1,0,0,5,2,9,average,5,1
Sajin_Divya,20,low,0,2,9,1,1,27,6,8,poor,10,1
Rahul_Anju,58,medium,6,9,2,1,1,24,2,6,poor,5,1
Manu_Athira,39,medium,6,10,4,1,1,0,5,4,good,4,1
Akhil_Divya,1,low,5,7,8,1,0,23,3,2,good,8,1
Nandu_Meera,57,high,1,2,1,1,0,13,9,10,poor,9,1
Arjun_Divya,20,low,0,4,10,0,0,13,2,10,average,8,0
Nandu_Revathi,32,medium,0,1,8,1,1,12,10,10,poor,3,1
Arjun_Anju,43,high,6,3,8,1,0,8,10,4,good,2,1
Sajin_Revathi,8,low,5,2,6,0,0,29,8,6,good,5,1
Arjun_Divya,36,low,2,10,1,1,0,17,7,7,poor,8,1
Sajin_Divya,29,low,2,4,10,1,1,13,2,1,average,3,1
Nandu_Athira,27,high,3,2,6,0,0,13,9,6,average,0,1
Arjun_Lekshmi,22,low,1,7,9,1,1,28,10,5,good,10,1
Jithin_Athira,55,high,6,8,9,0,1,24,9,3,poor,2,1
Sajin_Neethu,14,medium,6,4,10,1,1,14,7,9,poor,7,1
Akhil_Parvathi,28,medium,5,1,4,0,0,20,9,10,good,4,1
Manu_Neethu,2,low,5,3,4,1,0,12,8,8,average,7,1
Akshay_Athira,43,low,4,1,6,1,0,4,7,7,poor,2,1
Akshay_Divya,28,low,5,8,4,0,0,11,9,4,average,0,1
Sajin_Neethu,17,high,3,6,2,1,1,29,5,10,good,3,1
Nandu_Sneha,51,medium,4,7,10,1,0,5,2,5,average,5,1
Akshay_Meera,30,high,7,6,3,0,1,13,2,8,good,3,1
Akhil_Revathi,3,high,4,5,5,0,1,24,1,9,average,6,0
Arjun_Parvathi,57,low,7,2,5,0,1,21,5,7,poor,3,1
Sajin_Parvathi,37,low,2,9,10,0,0,15,5,10,poor,7,0
Nandu_Divya,9,medium,1,1,7,0,1,18,9,9,poor,2,1
Nandu_Athira,11,low,0,10,4,1,0,22,9,6,average,7,1
Manu_Anju,26,high,0,9,1,1,0,10,8,2,average,8,1
Akshay_Divya,47,low,1,9,10,1,1,21,10,2,average,3,1
Vishnu_Revathi,24,low,2,4,7,1,1,3,5,1,poor,8,1
Vishnu_Divya,22,high,7,10,5,1,0,23,4,7,poor,9,1
Akshay_Meera,17,medium,5,6,8,1,1,12,6,3,poor,2,1
Nandu_Parvathi,35,low,2,4,2,1,0,21,2,4,poor,5,1
Akshay_Arya,35,high,4,7,4,0,0,1,9,2,average,9,0
Nandu_Anju,27,low,2,4,6,1,0,27,7,8,average,4,1
Akhil_Arya,16,medium,7,9,2,0,0,30,6,8,good,3,1
Akshay_Meera,43,medium,0,9,9,0,0,6,10,10,poor,2,0
Nandu_Arya,36,medium,6,6,5,0,0,21,8,5,average,7,1
Sajin_Anju,41,high,1,2,8,1,0,6,10,9,poor,9,1
Sajin_Lekshmi,4,medium,7,8,3,0,1,21,1,8,good,1,1
Akshay_Athira,8,high,0,1,1,1,1,20,2,6,good,2,1
Manu_Arya,22,low,1,5,7,0,1,4,6,10,average,3,0
Sreejith_Meera,12,high,5,9,5,0,0,30,2,7,average,7,1
Jithin_Parvathi,21,high,4,4,2,0,1,1,2,3,poor,3,0
Sreejith_Meera,48,low,1,7,6,0,1,28,8,1,good,4,0
Sreejith_Revathi,29,high,5,2,2,0,1,26,5,6,good,7,1
Rahul_Athira,21,low,4,8,9,1,0,28,4,10,average,4,1
Rahul_Meera,56,high,1,8,7,1,1,10,7,4,good,5,1
Manu_Neethu,34,high,1,1,9,0,0,0,10,5,good,2,1
Arjun_Athira,59,medium,0,6,2,1,0,15,6,10,good,0,1
Manu_Parvathi,43,low,2,2,8,1,1,14,3,7,poor,4,1
Akshay_Revathi,23,medium,3,3,1,1,0,25,7,6,poor,2,1
Sajin_Sneha,36,medium,3,4,8,1,1,15,1,5,poor,5,1
Rahul_Sneha,34,low,7,4,3,0,1,27,9,7,average,0,1
Rahul_Anju,46,high,2,8,1,1,0,1,6,1,good,3,1
Manu_Revathi,41,high,7,7,3,1,0,5,8,4,average,4,1
Akshay_Sneha,8,high,7,6,1,1,0,11,2,7,poor,0,1
Akhil_Parvathi,13,medium,4,7,2,1,0,19,5,8,good,3,1
Sajin_Meera,15,medium,4,4,2,1,1,4,9,10,poor,6,1
Manu_Anju,19,medium,3,8,5,0,0,26,4,3,good,6,0
Rahul_Revathi,42,medium,5,8,9,1,1,12,9,4,poor,1,1
Rahul_Neethu,8,medium,4,3,8,0,0,28,6,2,poor,8,1
Sreejith_Arya,38,medium,3,6,4,0,1,23,4,3,poor,1,0
Vishnu_Revathi,3,low,2,3,3,0,1,4,1,9,good,10,1
Akhil_Anju,3,medium,5,3,5,0,1,9,2,4,poor,6,1
Manu_Divya,35,low,1,1,8,1,0,28,7,3,average,1,1
Nandu_Meera,13,low,7,5,9,0,1,27,3,5,average,0,1
Sreejith_Parvathi,53,low,5,7,6,0,1,15,8,6,average,1,1
Arjun_Arya,20,low,4,2,5,0,1,10,7,6,good,9,1
Akshay_Parvathi,23,low,0,1,3,1,1,3,3,3,poor,1,1
Vishnu_Divya,50,low,4,2,9,1,1,2,7,9,good,7,1
Jithin_Meera,28,low,4,10,4,1,1,8,6,5,average,10,1
Akhil_Sneha,5,medium,7,10,7,1,1,6,10,8,average,6,1
Akhil_Meera,16,high,0,2,9,0,1,23,10,9,good,6,1
Manu_Revathi,29,low,6,8,7,1,1,21,1,3,poor,7,1
Jithin_Neethu,51,low,3,7,10,1,1,30,7,5,poor,6,1
Sajin_Lekshmi,2,high,5,4,5,0,1,5,4,4,poor,8,1
Akhil_Parvathi,40,medium,5,2,9,1,0,24,3,9,poor,7,1
Rahul_Lekshmi,23,high,0,2,1,1,0,24,1,3,poor,7,1
Sreejith_Sneha,12,low,0,3,7,0,1,8,4,1,average,1,1
Akhil_Athira,26,high,4,7,7,1,1,25,4,10,average,8,1
Manu_Neethu,19,low,3,7,7,0,1,11,2,7,average,5,0
Akhil_Neethu,39,medium,3,10,4,1,0,3,8,1,average,10,1
Akhil_Neethu,31,high,2,6,2,1,0,7,4,4,average,0,1
Sreejith_Lekshmi,29,low,2,4,4,1,0,28,1,8,poor,10,1
Akshay_Sneha,49,low,4,10,2,0,1,25,4,4,average,10,0
Sreejith_Anju,26,high,0,6,1,1,1,12,1,10,good,6,1
Arjun_Arya,48,high,5,2,10,1,0,17,4,7,good,4,1
Vishnu_Anju,59,low,7,1,6,0,1,7,1,2,poor,9,1
Arjun_Revathi,11,low,3,6,4,1,1,18,3,3,poor,4,1
Vishnu_Arya,28,high,5,5,6,1,1,22,6,1,poor,2,1
Rahul_Parvathi,12,low,6,8,1,1,0,7,3,9,average,4,1
Manu_Revathi,8,high,0,6,1,1,1,16,8,7,poor,9,1
Manu_Athira,46,low,2,6,3,0,0,16,4,4,good,7,0
Nandu_Revathi,6,low,6,2,3,0,0,5,3,4,average,6,1
Akshay_Sneha,47,low,6,1,8,1,1,23,1,2,good,0,1
Akhil_Revathi,56,high,4,8,6,0,1,21,2,6,average,10,0
Arjun_Revathi,1,low,3,7,5,1,1,9,3,9,average,7,1
Akhil_Anju,9,medium,3,2,6,1,0,12,2,6,poor,9,1
Rahul_Anju,4,medium,3,1,8,1,0,21,8,9,average,8,1
Akhil_Lekshmi,7,low,3,6,4,0,0,28,2,8,average,8,0
Akshay_Sneha,24,high,6,4,4,0,1,15,2,7,poor,3,1
Vishnu_Athira,54,low,6,9,3,0,1,13,4,3,poor,9,1
Akhil_Arya,50,low,6,2,5,0,1,17,1,10,good,4,1
Arjun_Divya,41,high,4,2,10,0,1,28,7,2,average,8,1
Sajin_Meera,42,medium,0,7,10,0,1,20,1,3,poor,8,0
Nandu_Lekshmi,34,high,1,3,3,0,0,17,8,9,average,10,1
Nandu_Sneha,44,high,1,9,7,0,1,23,9,3,good,6,0
Rahul_Divya,59,medium,5,8,4,0,0,14,7,7,poor,5,1
Vishnu_Sneha,32,high,4,8,5,1,1,8,9,5,poor,10,1
Sreejith_Arya,11,low,2,5,4,0,1,9,10,10,good,7,0
Akhil_Neethu,6,low,7,6,3,0,0,16,3,9,poor,5,1
Manu_Sneha,30,high,7,7,4,0,0,17,3,10,average,7,1
Akshay_Anju,19,low,0,6,9,1,1,16,2,4,poor,1,1
Manu_Arya,42,low,0,8,2,0,1,8,8,3,poor,1,0
Rahul_Lekshmi,39,medium,3,7,7,1,1,29,5,2,good,2,1
Akhil_Parvathi,23,high,7,10,10,0,1,12,5,3,poor,8,1
Akshay_Athira,21,medium,0,10,3,0,1,21,8,7,average,1,0
Sajin_Meera,52,high,4,10,7,1,0,4,5,3,average,1,1
Rahul_Sneha,30,medium,7,1,7,1,0,2,2,1,good,10,1
Sreejith_Parvathi,60,low,5,8,9,0,1,17,10,7,good,1,1
Arjun_Meera,14,medium,6,6,1,0,0,6,8,4,average,10,1
Sajin_Neethu,54,low,5,1,3,1,1,29,9,3,average,8,1
Akshay_Parvathi,36,low,0,6,5,1,1,18,6,2,average,5,1
Jithin_Anju,53,low,0,1,4,1,1,12,7,8,good,4,1
Manu_Lekshmi,16,high,6,6,3,0,1,12,7,7,poor,3,1
Manu_Revathi,38,medium,5,7,7,0,0,9,9,8,average,1,1
Nandu_Anju,1,medium,4,3,7,0,0,22,2,2,poor,5,1
Arjun_Athira,55,low,5,7,3,0,0,12,1,1,good,4,1
Jithin_Revathi,24,medium,5,6,3,0,0,0,8,9,average,6,1
Rahul_Athira,33,low,0,3,7,0,0,18,7,10,poor,2,1
Manu_Arya,34,medium,5,2,1,1,0,7,8,2,average,4,1
Sajin_Sneha,24,medium,5,9,3,0,1,10,7,2,good,1,1
Arjun_Neethu,54,low,2,10,4,0,0,7,3,2,average,4,0
Rahul_Divya,35,high,5,4,2,0,0,24,1,4,poor,2,1
Rahul_Divya,38,low,2,6,9,1,1,0,3,8,good,8,1
Arjun_Meera,35,medium,1,4,9,0,1,15,5,4,poor,5,0
Manu_Arya,26,medium,4,1,9,0,0,3,10,4,average,5,1
Jithin_Divya,3,high,0,1,6,0,0,15,6,4,poor,6,1
Nandu_Arya,49,medium,5,7,7,1,1,1,10,1,poor,2,1
Jithin_Neethu,31,high,4,2,8,0,0,11,2,10,average,0,1
Akshay_Sneha,28,high,6,10,6,0,1,26,5,8,poor,9,1
Akshay_Meera,27,high,7,6,3,1,1,21,1,5,good,7,1
Rahul_Arya,14,medium,5,9,1,1,0,18,2,2,poor,10,1
Manu_Neethu,41,low,7,8,10,1,1,11,2,5,average,9,1
Arjun_Neethu,25,high,1,7,9,1,1,2,1,1,poor,9,1
Akhil_Sneha,9,medium,2,8,8,1,1,4,2,1,good,9,1
Vishnu_Revathi,7,low,5,9,5,0,0,15,3,2,average,3,1
Jithin_Arya,30,high,7,9,3,0,1,23,5,3,poor,8,1
Rahul_Meera,6,low,7,2,1,1,0,27,6,10,average,7,1
Vishnu_Parvathi,13,high,4,8,5,1,1,27,7,1,good,8,1
Sajin_Anju,35,medium,0,2,6,0,0,14,2,7,good,0,1
Akshay_Arya,1,low,2,1,1,0,0,26,9,2,average,10,1
Sreejith_Revathi,22,low,6,8,9,1,0,29,9,8,poor,9,1
Sreejith_Arya,26,medium,0,10,5,0,1,15,4,8,good,2,0
Akshay_Lekshmi,59,low,3,9,4,0,0,18,8,2,poor,4,0
Nandu_Meera,34,high,4,6,1,0,0,25,2,6,good,8,0
Rahul_Neethu,49,medium,4,1,9,1,0,6,8,3,average,10,1
Jithin_Arya,18,medium,0,3,9,1,0,1,8,3,average,2,1
Sreejith_Lekshmi,58,low,2,8,6,1,0,21,10,1,average,7,1
Sreejith_Meera,1,low,3,8,5,1,1,6,9,9,poor,6,1
Akshay_Lekshmi,56,high,0,8,3,1,1,12,9,8,average,9,1
Akshay_Meera,27,high,4,4,3,0,0,8,5,1,good,7,0
Arjun_Athira,22,low,3,5,1,1,1,25,9,3,good,10,1
Jithin_Revathi,53,high,4,5,7,0,1,18,7,9,good,6,0
Akhil_Arya,21,low,1,9,8,1,1,27,6,5,poor,3,1
Jithin_Athira,4,high,1,10,10,1,1,15,6,7,poor,9,1
Rahul_Sneha,22,low,6,9,10,1,0,12,2,10,poor,7,1
Sreejith_Athira,25,medium,6,6,6,1,0,15,6,10,poor,2,1
Sajin_Lekshmi,5,medium,0,9,6,0,1,3,3,4,poor,7,0
Akhil_Anju,7,high,0,8,7,0,1,30,2,6,good,1,0
Vishnu_Revathi,19,medium,4,7,4,1,1,12,1,10,average,5,1
Nandu_Neethu,44,low,6,7,2,0,0,22,2,7,good,9,1
Rahul_Athira,43,low,7,5,10,1,0,0,9,6,average,10,1
Vishnu_Meera,31,high,4,7,7,1,1,15,4,1,good,6,1
Nandu_Meera,46,high,5,10,6,0,1,16,2,3,poor,7,1
Manu_Divya,42,medium,4,10,5,0,1,7,4,5,average,7,0
Manu_Parvathi,32,high,1,2,9,0,0,4,4,9,good,5,1
Sreejith_Neethu,53,high,4,1,2,0,0,10,3,1,poor,1,1
Sajin_Lekshmi,2,medium,3,7,5,0,1,13,5,1,good,1,0
Jithin_Arya,41,low,7,8,5,1,1,9,8,8,poor,10,1
Manu_Sneha,26,high,2,5,1,0,1,26,8,3,poor,3,0
Arjun_Revathi,53,high,5,6,8,1,0,16,1,4,average,1,1
Manu_Sneha,38,low,0,5,3,1,0,7,7,9,good,6,1
Manu_Parvathi,56,medium,2,6,4,0,1,2,8,9,average,2,0
Akshay_Anju,5,medium,7,9,5,0,1,1,3,5,poor,6,1
Sreejith_Parvathi,35,low,5,1,9,1,0,17,4,3,poor,5,1
Sreejith_Sneha,5,medium,7,6,10,0,0,14,2,3,poor,0,1
Jithin_Divya,49,low,1,7,9,1,0,25,2,2,good,2,1
Akhil_Parvathi,34,high,4,1,1,0,0,16,7,3,good,9,1
Akshay_Meera,26,low,6,6,5,0,1,23,5,9,poor,8,1
Nandu_Anju,14,medium,0,6,5,0,0,16,6,8,average,6,0
Rahul_Parvathi,32,low,0,8,3,1,1,26,7,7,poor,10,1
Manu_Arya,27,high,4,2,1,1,0,18,9,1,poor,5,1
Vishnu_Sneha,45,low,2,8,4,0,0,17,9,5,good,8,0
Akhil_Arya,3,low,1,8,5,0,0,7,4,8,poor,0,0
Arjun_Parvathi,59,medium,2,1,4,0,1,11,1,2,good,3,1
Vishnu_Divya,60,medium,6,7,1,0,0,16,10,1,poor,0,1
Sreejith_Meera,37,low,5,5,3,0,0,7,4,10,poor,1,1
Nandu_Lekshmi,33,medium,7,3,1,1,0,30,3,7,poor,7,1
Nandu_Meera,18,low,2,8,3,1,0,5,10,9,poor,9,1
Arjun_Athira,31,low,5,7,6,1,0,18,3,9,good,1,1
Arjun_Anju,17,medium,2,1,4,0,0,27,4,2,average,9,1
Sajin_Divya,30,low,3,5,6,0,1,10,6,9,average,6,0
Arjun_Meera,38,low,2,6,6,0,1,8,8,10,good,1,0
Rahul_Divya,24,medium,3,3,8,1,1,9,4,3,average,7,1
Manu_Revathi,48,high,1,5,2,1,0,21,3,6,good,1,1
Vishnu_Meera,47,medium,6,8,10,0,0,17,8,1,poor,4,1
Rahul_Sneha,24,medium,1,9,9,0,0,12,1,3,good,10,0
Akshay_Arya,51,high,6,10,1,1,0,12,3,10,good,10,1
Nandu_Revathi,60,medium,7,1,5,0,1,28,1,4,poor,2,1
Jithin_Meera,14,high,5,2,6,0,0,7,7,1,poor,9,1
Jithin_Arya,55,low,1,8,3,1,0,27,1,7,average,8,1
Nandu_Parvathi,24,medium,6,2,6,1,1,6,8,9,average,9,1
Sajin_Divya,24,medium,5,4,7,1,1,8,7,5,good,3,1
Rahul_Divya,15,low,6,3,4,1,0,19,3,1,good,8,1
Jithin_Meera,35,low,4,7,9,0,1,16,5,6,average,7,0
Sreejith_Meera,53,high,5,6,6,1,0,0,9,10,good,1,1
Rahul_Athira,28,high,3,7,3,1,1,24,1,6,average,7,1
Jithin_Sneha,43,medium,7,2,4,1,1,11,3,5,average,0,1
Sajin_Arya,15,high,4,7,2,0,0,0,6,9,poor,2,0
Sajin_Arya,49,medium,5,5,4,1,1,16,8,7,poor,9,1
Arjun_Anju,45,low,4,9,9,1,0,30,7,7,good,1,1
Arjun_Arya,8,low,0,8,8,1,0,11,10,6,average,3,1
Jithin_Anju,52,low,4,6,10,1,0,25,2,4,good,10,1
Vishnu_Sneha,40,high,3,5,7,0,1,22,6,3,good,8,0
Nandu_Neethu,4,low,5,3,9,0,0,30,8,1,good,0,1
Akhil_Arya,7,high,2,7,6,0,0,9,8,6,poor,3,0
Manu_Arya,5,medium,7,1,8,0,1,1,4,1,poor,10,1
Rahul_Lekshmi,34,medium,4,2,7,0,1,9,4,5,average,3,1
Vishnu_Anju,31,medium,3,6,8,1,0,28,4,5,average,4,1
Akshay_Athira,17,medium,5,8,6,1,0,30,7,7,average,4,1
Sreejith_Sneha,43,high,3,3,2,0,0,27,8,6,poor,7,1
Akshay_Divya,30,low,1,9,6,0,1,5,2,5,good,1,0
Jithin_Divya,3,high,2,4,5,1,1,3,5,5,poor,7,1
Arjun_Anju,36,high,2,10,3,1,0,25,1,7,average,5,1
Sreejith_Meera,48,high,4,2,10,1,1,26,5,8,good,0,1
Rahul_Sneha,30,low,4,2,4,1,0,2,10,1,poor,10,1
Sreejith_Anju,35,high,7,9,10,1,1,19,6,3,good,4,1
Sreejith_Neethu,43,low,4,6,3,1,1,17,5,9,good,5,1
Akhil_Neethu,35,high,6,2,6,1,1,29,5,2,good,5,1
Arjun_Divya,5,high,0,8,9,1,1,30,1,6,average,3,1
Vishnu_Neethu,38,medium,7,2,6,0,0,11,3,4,average,8,1
Arjun_Meera,52,medium,0,3,7,0,1,5,10,1,average,3,1
Rahul_Sneha,44,high,4,7,4,0,0,10,1,9,average,10,0
Manu_Arya,18,medium,2,10,1,1,0,0,8,4,good,0,1
Akshay_Sneha,39,low,1,1,8,0,0,15,3,8,good,7,1
Manu_Neethu,30,medium,0,10,1,0,1,11,3,10,average,1,0
Jithin_Neethu,42,low,0,8,1,1,1,21,4,9,good,7,1
Rahul_Neethu,54,medium,1,6,8,0,0,3,10,2,poor,8,0
Rahul_Parvathi,13,high,7,9,4,0,1,18,4,7,good,3,1
Rahul_Lekshmi,57,medium,4,8,9,1,1,0,5,10,good,3,1
Jithin_Anju,5,low,5,5,7,1,0,15,8,7,poor,1,1
Jithin_Lekshmi,52,medium,3,1,4,0,1,30,6,1,good,7,1
Akhil_Anju,17,low,5,6,7,0,1,26,9,9,poor,9,1
Rahul_Sneha,32,medium,7,1,6,0,1,22,1,4,poor,4,1
Sreejith_Anju,32,medium,1,5,5,1,1,11,6,10,poor,8,1
Vishnu_Neethu,27,medium,2,7,2,0,1,17,2,9,poor,3,0
Nandu_Neethu,25,medium,1,7,8,1,1,29,8,3,poor,6,1
Nandu_Neethu,17,high,5,7,2,1,1,2,4,7,poor,0,1
Rahul_Athira,31,medium,6,9,5,0,1,24,2,5,poor,8,1
Vishnu_Athira,49,high,5,8,10,0,1,12,5,3,poor,3,1
Sajin_Sneha,17,high,6,5,3,1,1,12,6,7,good,6,1
Sreejith_Athira,51,low,5,4,5,0,0,20,7,3,good,3,1
Manu_Lekshmi,19,low,4,9,4,1,0,30,5,5,good,4,1
Sreejith_Athira,3,low,7,2,3,1,0,15,3,2,average,5,1
Jithin_Lekshmi,53,low,5,6,10,0,1,30,6,8,good,1,1
Nandu_Divya,17,medium,6,9,5,0,1,10,9,10,good,7,1
Arjun_Arya,42,low,1,2,1,1,1,25,7,9,poor,1,1
Akhil_Revathi,36,low,2,9,9,0,1,18,4,6,average,7,0
Manu_Anju,58,high,4,8,1,0,0,28,10,6,poor,6,0
Arjun_Meera,27,low,4,4,9,1,0,6,1,3,poor,5,1
Arjun_Athira,51,high,5,9,10,1,1,27,3,4,average,1,1
Vishnu_Meera,50,high,7,10,5,1,0,10,1,1,good,5,1
Sajin_Lekshmi,40,medium,6,9,10,0,1,2,3,9,good,5,1
Vishnu_Revathi,55,low,6,6,5,1,1,9,1,2,good,0,1
Jithin_Sneha,20,medium,1,3,2,1,0,19,9,3,good,8,1
Jithin_Revathi,20,low,3,10,2,1,1,8,6,9,average,5,1
Nandu_Athira,8,low,5,2,5,0,0,5,2,2,good,4,1
Sreejith_Meera,24,medium,1,7,6,1,1,7,2,2,good,0,1
Akshay_Athira,9,high,0,5,5,0,1,10,5,4,average,7,0
Akshay_Divya,43,low,1,7,6,1,0,12,2,3,average,2,1
Sajin_Anju,11,high,6,1,7,0,1,9,3,8,average,7,1
Nandu_Parvathi,39,low,3,6,1,1,0,4,9,6,poor,5,1
Akhil_Sneha,55,medium,2,3,6,1,0,8,4,3,good,1,1
Rahul_Lekshmi,59,high,0,6,6,1,0,14,5,2,good,3,1
Sreejith_Revathi,14,high,3,4,8,1,1,11,4,9,average,0,1
Vishnu_Divya,31,medium,5,5,7,0,1,7,2,5,poor,0,1
Jithin_Divya,4,medium,0,9,9,1,0,14,4,10,good,2,1
Manu_Anju,4,low,5,10,2,1,0,18,8,5,poor,10,1
Arjun_Meera,50,medium,7,7,4,1,0,7,7,8,poor,6,1
Rahul_Lekshmi,13,high,0,8,6,0,0,24,9,1,average,8,0
Rahul_Meera,53,medium,7,3,9,0,1,24,1,7,average,2,1
Akhil_Arya,11,high,5,2,4,1,1,10,9,4,poor,8,1
Akshay_Neethu,23,low,6,4,6,1,1,0,4,9,good,8,1
Akhil_Arya,26,low,3,2,9,0,0,20,3,8,average,1,1
Jithin_Divya,17,medium,0,6,1,1,0,26,8,8,average,6,1
Akshay_Divya,1,medium,4,1,5,0,0,23,5,6,average,7,1
Nandu_Divya,31,medium,7,7,7,0,0,12,9,2,poor,6,1
Jithin_Neethu,41,medium,6,2,5,0,1,10,1,5,poor,5,1
Vishnu_Meera,10,low,1,2,5,0,0,12,4,4,average,7,1
Jithin_Athira,37,low,3,8,10,1,0,20,4,1,poor,3,1
Sajin_Lekshmi,28,low,5,1,2,1,0,8,8,8,good,1,1
Sajin_Lekshmi,26,low,3,4,4,0,1,5,5,8,average,5,0
Sreejith_Athira,19,medium,5,8,5,0,0,22,10,4,poor,2,1
Nandu_Anju,26,medium,7,2,2,0,1,23,4,10,poor,7,1
Rahul_Arya,52,high,5,7,8,1,1,8,3,4,good,8,1
Nandu_Anju,42,high,4,4,10,1,0,27,9,2,average,1,1
Akhil_Neethu,23,medium,1,7,5,0,0,23,1,7,poor,8,0
Manu_Anju,27,medium,4,4,1,1,1,25,5,7,average,9,1
Vishnu_Arya,7,medium,1,3,3,1,0,20,10,2,good,8,1
Arjun_Revathi,15,low,1,10,5,0,1,3,9,1,good,7,0
Rahul_Meera,5,medium,1,4,3,0,0,4,10,5,poor,5,0
Nandu_Neethu,33,low,3,10,8,1,0,21,10,2,average,0,1
Nandu_Athira,34,low,4,4,1,0,1,9,6,4,poor,8,0
Arjun_Divya,48,medium,2,8,4,1,0,7,1,9,good,9,1
Vishnu_Revathi,29,medium,7,2,4,1,1,18,6,1,average,4,1
Vishnu_Parvathi,11,medium,3,6,3,1,0,8,1,1,poor,2,1
Sajin_Arya,51,high,7,6,5,0,0,29,4,3,good,2,1
Manu_Meera,40,high,2,2,9,0,0,12,10,2,average,0,1
Rahul_Lekshmi,11,low,3,7,4,1,1,13,6,7,good,9,1
Arjun_Athira,27,low,0,6,5,0,1,1,6,5,average,4,0
Arjun_Meera,20,high,6,2,8,0,1,28,10,4,average,6,1
Sajin_Anju,51,high,7,1,1,1,1,13,4,1,poor,7,1
Akhil_Neethu,27,medium,7,2,10,0,0,29,3,10,good,9,1
Manu_Parvathi,36,medium,6,9,2,0,0,10,8,7,good,9,1
Manu_Sneha,14,high,3,6,1,0,0,8,5,4,good,6,0
Manu_Meera,22,medium,6,1,4,0,1,1,4,9,poor,7,1
Manu_Parvathi,39,high,2,2,7,0,1,2,3,1,average,5,1
Vishnu_Anju,3,medium,6,8,1,1,0,2,3,9,average,6,1
Sajin_Anju,38,medium,7,6,10,0,0,3,1,8,average,1,1
Sajin_Athira,28,high,0,7,7,0,1,25,6,5,average,7,0
Manu_Athira,16,low,4,1,7,1,1,0,6,10,average,7,1
Jithin_Divya,44,medium,3,9,2,0,1,11,6,5,good,2,0
Nandu_Parvathi,10,high,7,1,8,1,1,29,7,8,poor,1,1
Manu_Lekshmi,44,low,3,10,8,1,0,14,1,10,poor,4,1
Arjun_Sneha,39,low,6,2,10,1,0,5,4,9,good,3,1
Akhil_Sneha,18,low,4,3,5,1,1,6,5,4,average,5,1
Jithin_Revathi,7,low,0,6,5,0,1,22,8,2,poor,3,0
Rahul_Sneha,50,low,0,2,10,0,0,10,7,1,good,9,1
Akhil_Athira,37,low,0,7,7,1,1,24,8,1,good,5,1
Nandu_Anju,56,low,5,1,10,1,1,8,2,2,good,1,1
Akshay_Neethu,50,high,7,10,1,0,1,6,2,6,good,6,1
Vishnu_Revathi,11,medium,3,1,5,1,1,9,9,3,good,2,1
Sreejith_Anju,58,medium,2,8,10,0,1,20,7,10,average,7,0
Arjun_Athira,5,medium,7,7,8,1,0,29,6,2,poor,7,1
Manu_Neethu,51,medium,5,9,8,0,1,19,1,2,good,3,1
Sajin_Lekshmi,50,high,6,9,3,1,1,0,7,8,poor,2,1
Vishnu_Anju,10,medium,7,2,7,1,1,9,4,4,good,10,1
Jithin_Sneha,59,low,7,4,6,1,1,24,10,10,good,0,1
Vishnu_Lekshmi,48,high,3,3,3,1,0,21,1,9,good,4,1
Akshay_Revathi,48,low,6,9,6,1,0,26,6,9,poor,5,1
Manu_Parvathi,41,low,2,1,5,0,0,25,9,3,poor,1,1
Arjun_Athira,28,low,0,1,10,1,0,1,6,5,good,9,1
Arjun_Athira,8,high,1,9,2,1,1,10,10,9,poor,4,1
Sajin_Meera,2,medium,2,3,8,0,1,9,7,1,poor,3,1
Vishnu_Anju,48,low,2,7,1,1,1,25,9,4,good,9,1
Vishnu_Lekshmi,15,low,0,2,9,0,1,2,1,3,average,5,1
Akhil_Sneha,32,high,4,5,5,0,1,21,10,1,good,1,0
Sreejith_Neethu,51,high,5,3,5,1,1,2,4,10,poor,5,1
Vishnu_Parvathi,22,low,7,8,10,1,1,21,3,3,poor,4,1
Jithin_Athira,14,medium,3,2,1,0,1,9,1,8,average,1,1
Vishnu_Lekshmi,29,low,1,2,7,1,1,7,9,9,poor,1,1
Vishnu_Sneha,34,medium,2,1,4,0,0,20,9,4,poor,6,1
Rahul_Revathi,14,low,3,5,9,0,1,12,1,10,poor,3,0
Akshay_Anju,26,high,3,10,9,1,0,20,9,6,good,2,1
Manu_Sneha,6,medium,5,9,2,1,1,18,2,10,good,3,1
Manu_Revathi,25,low,3,3,2,0,0,23,7,5,good,3,1
Rahul_Meera,39,medium,7,2,5,1,1,28,1,3,average,6,1
Jithin_Neethu,39,low,6,4,1,0,1,23,10,1,average,5,1
Akhil_Parvathi,45,low,7,5,9,0,0,6,1,6,average,8,1
Akhil_Neethu,32,medium,6,5,7,1,0,13,9,8,poor,2,1
Akhil_Divya,5,low,2,5,3,1,0,6,9,2,good,4,1
Jithin_Parvathi,19,medium,3,2,3,0,0,6,7,1,average,8,1
Sreejith_Meera,24,high,7,2,5,0,1,9,6,2,good,6,1
Sajin_Lekshmi,28,medium,4,9,6,0,0,19,8,8,average,5,0
Akhil_Lekshmi,9,medium,7,7,5,1,0,3,2,10,average,8,1
Rahul_Lekshmi,48,medium,3,4,2,0,0,29,9,2,good,0,0
Nandu_Divya,15,medium,6,10,1,0,0,19,9,7,good,9,1
Akhil_Divya,27,medium,2,2,7,0,1,10,4,4,average,3,1
Rahul_Parvathi,6,low,5,2,2,1,1,21,6,7,good,10,1
Sreejith_Divya,3,low,1,6,8,0,0,3,10,6,good,6,0
Manu_Meera,40,high,2,5,2,1,1,16,1,7,good,5,1
Sajin_Divya,53,high,6,4,8,1,0,11,4,8,good,4,1
Arjun_Neethu,22,medium,7,1,10,0,1,8,7,5,average,6,1
Manu_Revathi,51,low,4,7,8,1,1,23,2,1,poor,1,1
Rahul_Divya,34,medium,4,9,5,1,1,4,9,9,poor,3,1
Sajin_Divya,38,low,2,10,5,0,0,16,10,2,average,1,0
Vishnu_Parvathi,24,low,2,3,4,1,0,13,9,8,poor,5,1
Vishnu_Anju,10,high,2,9,7,1,1,17,2,1,average,6,1
Sreejith_Revathi,34,medium,2,5,8,1,0,5,6,7,good,6,1
Vishnu_Sneha,21,medium,6,5,10,0,1,10,8,7,average,1,1
Vishnu_Divya,58,high,4,6,7,0,0,20,7,2,poor,4,0
Jithin_Anju,22,medium,2,1,6,1,1,15,5,2,poor,5,1
Jithin_Divya,25,medium,3,9,8,0,0,7,8,2,average,5,0
Akshay_Lekshmi,51,medium,3,7,7,1,1,9,10,9,poor,3,1
Sajin_Neethu,60,low,5,1,5,1,1,9,10,9,poor,9,1
Akshay_Neethu,13,low,4,1,3,1,1,29,6,1,good,7,1
Rahul_Divya,23,medium,1,8,9,0,1,27,4,2,average,10,0
Akhil_Neethu,44,medium,4,4,8,0,1,3,9,5,poor,1,0
Rahul_Arya,23,high,5,7,4,1,0,23,5,4,good,2,1
Jithin_Meera,6,medium,0,4,4,1,0,23,3,5,poor,1,1
Sajin_Divya,10,medium,5,6,9,0,0,16,9,10,poor,4,1
Vishnu_Lekshmi,24,high,5,10,10,1,1,24,10,1,poor,6,1
Sajin_Revathi,58,low,0,7,10,1,1,18,7,5,good,8,1
Jithin_Sneha,36,high,1,5,8,0,1,5,8,7,average,7,0
Rahul_Parvathi,44,low,7,1,6,1,0,16,4,8,good,7,1
Manu_Meera,20,low,4,1,9,0,0,12,1,10,average,3,1
Rahul_Revathi,7,low,6,9,4,1,0,3,4,3,poor,1,1
Nandu_Revathi,57,high,1,2,6,1,1,30,2,10,poor,8,1
Akshay_Divya,42,medium,7,2,5,1,1,21,1,8,good,0,1
Arjun_Arya,50,medium,2,1,9,0,0,26,9,3,good,4,1
Sreejith_Sneha,2,low,1,10,7,1,1,27,4,6,good,1,1
Vishnu_Arya,24,high,7,2,8,1,0,6,8,10,good,8,1
Nandu_Divya,10,high,6,9,2,0,1,16,4,7,average,9,1
Rahul_Neethu,46,low,4,8,1,0,0,4,8,7,good,1,0
Sreejith_Parvathi,4,medium,0,2,4,0,0,27,6,8,average,0,1
Jithin_Divya,18,low,4,10,8,1,1,23,8,10,average,7,1
Arjun_Neethu,18,low,7,7,5,0,0,28,2,9,poor,8,1
Jithin_Revathi,24,high,4,3,6,0,1,11,3,1,poor,3,1
Sreejith_Neethu,15,high,3,9,4,0,1,16,5,4,good,0,0
Nandu_Anju,14,low,3,1,6,1,0,23,4,10,average,2,1
Sreejith_Meera,17,medium,7,2,1,0,0,29,6,2,average,2,1
Sajin_Neethu,16,high,2,9,2,1,0,22,3,7,poor,4,1
Manu_Neethu,12,medium,0,10,8,1,0,25,6,8,average,8,1
Vishnu_Anju,36,high,7,9,5,0,1,28,7,8,poor,6,1
Sajin_Revathi,25,high,6,4,7,1,1,4,9,9,average,4,1
Nandu_Athira,49,low,5,5,1,1,1,25,5,3,good,2,1
Nandu_Divya,24,high,2,5,5,0,1,12,5,7,good,0,0
Jithin_Neethu,57,low,7,6,1,0,1,10,10,8,average,1,1
Jithin_Lekshmi,2,high,6,8,9,1,0,16,8,2,good,1,1
Rahul_Meera,52,high,0,2,2,1,1,6,10,4,average,10,1
Arjun_Lekshmi,21,high,7,7,7,1,0,25,6,4,poor,7,1
Sreejith_Parvathi,25,medium,6,10,9,0,1,3,3,9,good,0,1
Sreejith_Revathi,17,medium,3,1,3,0,0,24,5,3,good,2,1
Akhil_Anju,40,medium,6,1,2,0,1,16,3,7,poor,4,1
Rahul_Neethu,54,high,7,4,8,0,1,12,3,7,average,10,1
Arjun_Arya,40,low,3,10,5,0,1,17,10,3,good,5,0
Arjun_Lekshmi,32,low,6,10,2,0,1,9,2,3,good,5,1
Manu_Anju,28,low,4,10,9,1,1,30,9,9,poor,7,1
Akhil_Neethu,44,medium,2,4,8,0,0,21,5,6,average,8,0
Akshay_Meera,25,low,2,4,5,1,0,5,3,1,poor,1,1
Arjun_Parvathi,18,low,6,5,1,1,0,2,9,1,average,4,1
Nandu_Arya,26,high,5,10,8,0,0,22,8,8,good,0,1
Sreejith_Divya,11,low,4,1,5,1,1,3,4,2,good,0,1
Sreejith_Parvathi,31,medium,5,7,9,1,1,30,5,3,good,4,1
Nandu_Anju,33,low,4,8,1,0,0,29,8,5,poor,10,0
Sajin_Anju,16,high,5,8,5,1,1,23,3,4,average,8,1
Akhil_Anju,40,medium,0,1,7,0,1,18,7,9,average,4,1
Akhil_Revathi,32,high,2,2,8,0,0,7,8,4,good,8,1
Akhil_Anju,40,medium,6,3,3,1,1,27,2,3,good,10,1
Manu_Meera,30,high,5,7,2,1,1,14,3,4,poor,7,1
Rahul_Divya,59,medium,4,4,10,1,0,21,6,1,good,5,1
Sreejith_Athira,50,low,6,8,3,0,1,1,1,6,average,7,1
Sajin_Meera,33,high,0,9,8,0,1,22,10,7,average,3,0
Rahul_Sneha,20,medium,3,4,7,0,0,12,7,8,poor,6,0
Nandu_Arya,57,low,7,10,4,1,0,17,8,10,average,3,1
Vishnu_Meera,25,medium,1,6,4,0,1,25,5,1,poor,7,0
Vishnu_Athira,10,high,2,7,2,0,0,22,2,7,average,0,0
Arjun_Athira,29,low,4,4,1,1,0,13,10,7,average,2,1
Nandu_Neethu,13,medium,2,2,4,0,1,17,5,5,good,3,1
Rahul_Athira,46,high,4,3,2,0,1,12,3,2,average,5,1
Arjun_Sneha,46,low,0,9,8,1,0,18,7,8,poor,0,1
Nandu_Arya,30,high,3,3,4,1,1,4,2,1,poor,5,1
Rahul_Athira,22,low,1,4,3,1,0,17,9,3,average,1,1
Nandu_Sneha,38,medium,4,9,10,1,1,27,9,10,good,8,1
Manu_Sneha,58,medium,3,10,2,0,0,11,4,4,average,5,0
Arjun_Neethu,39,high,5,9,5,0,1,15,10,10,good,9,1
Arjun_Meera,46,medium,7,3,5,0,1,24,3,9,good,10,1
Rahul_Anju,19,high,7,10,9,1,1,12,6,9,average,4,1
Manu_Meera,20,medium,2,7,3,0,0,18,7,6,poor,10,0
Akhil_Athira,25,medium,4,8,1,1,1,17,5,8,good,3,1
Nandu_Arya,40,low,3,4,1,0,0,19,7,4,average,1,0
Jithin_Revathi,20,medium,6,2,1,1,0,4,4,6,average,1,1
Nandu_Revathi,35,high,6,6,10,0,0,17,4,1,average,4,1
Manu_Anju,25,medium,7,9,4,0,0,22,6,3,poor,0,1
Manu_Sneha,53,medium,0,9,6,1,1,14,10,9,average,1,1
Jithin_Sneha,27,high,6,10,6,0,1,16,9,9,good,3,1
Sajin_Neethu,1,high,4,10,9,1,1,4,5,7,good,10,1
Arjun_Parvathi,42,high,5,10,4,1,0,19,5,5,average,3,1
Manu_Divya,49,medium,2,1,6,1,0,9,10,9,average,3,1
Vishnu_Sneha,53,medium,7,8,8,0,0,12,3,1,good,7,1
Vishnu_Anju,28,high,2,1,9,0,0,8,3,1,average,6,1
Vishnu_Arya,42,medium,5,2,3,0,1,13,7,5,average,5,1
Sreejith_Neethu,27,medium,1,4,7,0,1,30,1,5,poor,9,0
Jithin_Athira,4,high,7,5,10,0,1,28,7,5,poor,5,1
Rahul_Sneha,1,medium,6,10,2,0,1,15,5,8,poor,5,1
Jithin_Parvathi,40,low,6,6,10,1,0,11,10,9,good,5,1
Vishnu_Arya,5,high,7,1,6,0,0,1,8,2,poor,10,1
Jithin_Parvathi,54,medium,6,2,6,0,0,10,9,10,good,8,1
Manu_Sneha,33,low,3,2,6,1,1,3,3,1,good,1,1
Sajin_Sneha,1,high,4,4,2,0,0,2,4,7,poor,0,0
Akshay_Meera,52,low,2,1,9,0,1,14,7,10,average,0,1
Manu_Sneha,25,low,7,9,7,0,1,21,6,2,average,5,1
Manu_Lekshmi,5,high,3,7,6,0,1,13,3,4,good,4,0
Akshay_Sneha,34,low,6,10,4,1,1,14,2,3,poor,9,1
Akshay_Lekshmi,24,low,2,2,9,0,0,18,4,10,poor,5,1
Akhil_Anju,18,high,6,10,3,1,1,8,10,6,good,6,1
Akhil_Athira,43,high,1,7,1,0,0,19,2,5,poor,6,0
Akshay_Meera,1,medium,6,5,5,0,0,8,8,10,average,5,1
Akshay_Anju,1,medium,3,1,8,0,0,6,4,1,poor,8,1
Jithin_Neethu,5,medium,3,5,8,1,0,2,6,9,good,1,1
Manu_Meera,40,high,5,7,6,1,0,15,3,9,average,3,1
Akhil_Neethu,54,high,5,6,7,1,0,24,1,9,good,7,1
Sreejith_Neethu,15,high,1,2,2,1,0,4,3,6,good,9,1
Sreejith_Anju,22,medium,4,3,5,0,0,22,2,5,poor,2,1
Jithin_Divya,51,low,1,4,9,0,0,17,1,9,good,5,0
Nandu_Neethu,6,medium,0,1,5,1,1,15,10,6,poor,9,1
Akhil_Neethu,51,low,3,7,2,0,0,13,7,10,good,1,0
Rahul_Athira,60,low,0,9,5,1,0,21,7,5,average,8,1
Nandu_Parvathi,35,medium,0,1,7,0,1,10,8,8,good,4,1
Vishnu_Revathi,47,medium,5,5,4,1,1,20,3,1,poor,2,1
Akhil_Parvathi,48,high,3,3,8,0,0,24,6,8,poor,3,1
Manu_Anju,13,high,3,5,4,0,1,11,9,10,poor,6,0
Sreejith_Parvathi,39,medium,7,2,7,1,0,16,9,7,good,7,1
Arjun_Revathi,31,medium,5,6,3,0,0,8,4,1,good,10,1
Vishnu_Meera,20,low,4,7,9,0,0,2,8,8,poor,1,0
Vishnu_Anju,60,high,4,1,5,0,0,13,3,10,poor,10,1
Akhil_Parvathi,59,low,5,6,6,1,1,17,6,7,average,1,1
Nandu_Parvathi,53,high,5,9,6,0,1,3,8,10,poor,1,1
Vishnu_Neethu,59,medium,6,10,2,1,1,30,7,9,average,0,1
Arjun_Arya,25,low,7,4,7,0,0,14,6,2,good,9,1
Nandu_Divya,49,low,2,5,9,1,1,17,5,3,good,2,1
Jithin_Neethu,45,low,2,10,5,0,1,19,4,9,average,0,0
Manu_Anju,24,low,3,10,6,0,0,3,8,4,average,0,0
Akshay_Lekshmi,14,low,7,1,9,0,1,5,7,4,good,0,1
Rahul_Revathi,20,low,0,5,6,0,1,11,7,6,poor,8,0
Nandu_Parvathi,58,high,1,4,10,0,1,0,10,8,average,4,0
Akshay_Meera,41,high,6,6,6,0,1,22,10,10,average,2,1
Rahul_Arya,32,medium,5,6,8,1,0,11,8,2,average,1,1
Rahul_Parvathi,11,low,2,5,2,0,0,14,8,9,good,10,0
Sreejith_Arya,6,medium,1,1,5,0,1,11,3,1,poor,5,1
Jithin_Sneha,35,low,0,8,8,0,1,2,3,2,good,3,0
Sajin_Lekshmi,8,low,6,2,8,0,1,7,1,5,poor,3,1
Nandu_Divya,8,low,6,5,1,1,1,5,3,9,average,3,1
Vishnu_Meera,36,medium,5,2,9,0,0,24,2,2,good,5,1
Jithin_Neethu,51,low,5,5,10,1,1,17,3,10,average,1,1
Rahul_Lekshmi,13,low,6,10,2,1,0,11,1,3,average,6,1
Arjun_Arya,50,high,0,1,2,0,1,27,9,3,poor,9,1
Rahul_Divya,33,high,7,7,3,1,1,19,3,9,good,7,1
Rahul_Sneha,33,low,3,5,7,0,1,8,4,8,average,2,0
Akshay_Arya,55,medium,6,4,4,0,0,12,3,8,poor,2,1
Manu_Divya,17,high,4,3,5,1,1,29,5,9,good,6,1
Jithin_Divya,38,high,4,9,7,1,1,3,1,5,good,10,1
Manu_Parvathi,35,medium,2,10,7,0,1,20,7,1,average,8,0
Arjun_Anju,12,medium,5,1,5,1,0,19,2,3,average,8,1
Arjun_Lekshmi,18,medium,2,8,9,0,0,17,1,9,good,10,0
Sreejith_Arya,57,medium,1,4,3,0,0,14,1,6,average,8,0
Manu_Sneha,1,medium,4,3,4,1,1,7,6,2,good,3,1
Manu_Parvathi,21,low,1,10,10,1,1,14,3,2,good,9,1
Vishnu_Neethu,12,medium,2,7,10,0,0,10,3,4,poor,3,0
Sreejith_Lekshmi,44,low,5,6,8,0,1,10,3,3,good,1,1
Akshay_Anju,42,medium,1,9,1,1,0,9,9,1,average,9,1
Sajin_Parvathi,42,medium,5,4,9,0,0,26,4,2,average,10,1
Nandu_Anju,1,low,7,10,3,0,0,14,2,6,poor,1,1
Nandu_Anju,23,high,3,4,5,1,1,25,4,2,good,9,1
Nandu_Parvathi,2,low,3,9,8,1,0,5,5,10,poor,3,1
Vishnu_Parvathi,43,medium,3,3,4,0,1,22,5,3,poor,3,1
Sreejith_Arya,41,low,1,2,10,1,0,0,10,3,average,7,1
Akhil_Divya,34,high,3,10,9,0,0,16,6,5,poor,6,0
Arjun_Revathi,47,medium,6,2,10,0,0,29,6,6,average,6,1
Akhil_Anju,49,high,2,3,2,1,1,27,7,2,good,9,1
Arjun_Neethu,33,high,3,7,9,1,0,3,9,1,poor,10,1
Vishnu_Revathi,40,high,0,8,8,1,0,20,1,8,average,4,1
Sreejith_Neethu,4,high,1,5,1,0,1,30,1,5,good,5,0
Jithin_Meera,21,low,6,5,4,1,0,2,3,3,average,7,1
Nandu_Parvathi,26,medium,2,6,8,0,1,11,1,8,average,8,0
Rahul_Athira,7,medium,3,7,9,0,1,19,4,6,average,3,0
Jithin_Anju,60,high,5,9,2,0,1,13,2,10,average,1,1
Vishnu_Meera,39,medium,1,3,2,0,0,30,8,8,poor,10,1
Nandu_Athira,48,medium,1,10,4,0,0,10,7,7,good,10,0
Sajin_Parvathi,7,high,2,8,5,0,0,29,3,8,average,5,0
Vishnu_Divya,25,medium,3,7,3,1,1,21,9,6,poor,0,1
Sreejith_Meera,28,low,2,2,3,1,1,19,4,10,average,6,1
Vishnu_Revathi,50,high,6,8,5,0,1,20,4,9,average,3,1
Arjun_Meera,32,high,4,6,9,0,1,4,5,6,good,2,0
Sajin_Parvathi,39,high,4,4,2,0,1,6,5,7,average,4,0
Akhil_Lekshmi,4,medium,3,5,6,1,1,20,9,8,poor,1,1
Jithin_Parvathi,37,high,3,4,10,1,1,11,4,8,good,5,1
Jithin_Sneha,30,medium,3,10,7,1,0,17,4,7,average,8,1
Akhil_Meera,20,high,5,9,8,1,0,24,3,10,average,2,1
Manu_Divya,11,high,1,7,6,0,0,16,1,3,poor,1,0
Sreejith_Revathi,56,high,7,6,6,1,1,24,1,1,average,8,1
Sajin_Revathi,34,high,3,7,8,0,1,15,10,2,average,1,0
Vishnu_Neethu,31,medium,7,9,9,0,0,20,1,6,poor,9,1
Jithin_Neethu,44,low,5,9,1,0,1,23,10,1,good,4,1
Manu_Neethu,59,low,2,8,7,0,1,13,9,1,good,6,0
Sreejith_Sneha,10,low,7,2,9,0,1,24,1,5,average,8,1
Nandu_Divya,33,high,1,7,7,1,0,15,8,9,average,0,1
Akshay_Neethu,30,low,3,8,1,0,1,12,7,2,poor,2,0
Sajin_Anju,27,high,1,2,8,1,0,27,3,7,good,1,1
Arjun_Meera,52,low,6,10,7,0,0,4,3,5,poor,0,1
Manu_Divya,3,low,0,1,2,1,1,10,8,9,average,3,1
Arjun_Sneha,18,low,2,6,7,0,1,10,2,7,average,5,0
Akhil_Anju,14,low,2,3,8,1,1,6,10,8,poor,8,1
Jithin_Lekshmi,26,low,7,10,4,1,0,17,5,4,poor,7,1
Sreejith_Meera,20,high,7,8,8,1,1,20,5,10,good,7,1
Akhil_Sneha,55,high,4,1,10,1,0,26,1,10,poor,0,1
Manu_Meera,60,low,4,10,3,1,1,10,7,10,poor,1,1
Manu_Neethu,36,medium,6,5,4,1,0,1,3,6,poor,5,1
Sajin_Arya,25,medium,0,10,3,1,1,5,9,6,average,4,1
Sajin_Revathi,10,high,0,6,10,1,0,26,10,8,poor,7,1
Vishnu_Anju,49,low,4,4,10,0,1,2,9,6,average,0,0
Nandu_Revathi,42,medium,6,6,5,1,0,23,8,7,good,7,1
Vishnu_Revathi,38,low,3,7,1,1,0,13,7,1,good,7,1
Rahul_Anju,10,medium,6,4,1,0,0,24,2,3,average,0,1
Sajin_Neethu,3,medium,5,10,8,0,0,2,4,6,poor,7,1
Akshay_Revathi,60,low,0,7,7,1,1,22,10,9,poor,3,1
Nandu_Meera,43,medium,6,8,6,1,0,9,5,9,poor,0,1
Manu_Neethu,34,low,7,6,4,0,0,6,1,8,poor,2,1
Sreejith_Anju,38,high,6,3,9,1,1,19,10,9,poor,2,1
Nandu_Neethu,44,low,3,8,6,1,1,26,1,3,good,7,1
Akshay_Arya,34,medium,7,5,4,1,1,22,6,4,average,2,1
Arjun_Divya,42,medium,6,2,10,1,0,13,1,1,good,2,1
Rahul_Athira,49,low,6,4,2,1,1,17,1,2,average,8,1
Akhil_Parvathi,60,low,7,9,5,0,0,29,9,1,good,6,1
Manu_Meera,45,high,6,2,7,1,0,17,10,3,poor,2,1
Sreejith_Revathi,41,low,6,7,2,1,1,10,4,5,good,6,1
Sreejith_Revathi,17,medium,5,4,1,1,1,1,9,4,good,6,1
Vishnu_Parvathi,38,medium,7,7,3,0,0,11,7,9,average,3,1
Akhil_Revathi,49,medium,3,6,8,1,0,24,5,8,good,3,1
Jithin_Anju,21,low,5,7,10,1,0,30,1,4,poor,0,1
Akshay_Meera,37,low,0,9,3,0,0,1,10,4,good,2,0
Jithin_Divya,20,medium,3,3,8,1,0,4,10,1,average,3,1
Arjun_Sneha,14,high,2,9,1,1,1,10,7,3,average,9,1
Akshay_Athira,42,high,7,5,1,1,0,5,8,4,poor,7,1
Sajin_Parvathi,13,low,3,10,8,0,1,9,2,10,good,10,0
Jithin_Divya,51,low,0,9,10,0,1,26,10,6,poor,8,0
Manu_Athira,3,low,7,8,9,1,0,9,8,10,good,8,1
Vishnu_Meera,48,low,0,1,10,1,1,14,1,6,good,6,1
Nandu_Parvathi,19,medium,2,4,1,1,1,16,7,8,good,9,1
Arjun_Lekshmi,38,high,6,2,10,1,0,17,10,4,good,10,1
Vishnu_Sneha,50,high,4,10,9,1,0,11,7,2,good,7,1
Jithin_Parvathi,11,medium,1,5,7,0,1,3,1,7,good,2,0
Sajin_Sneha,59,medium,4,7,9,1,0,15,2,5,good,9,1
Rahul_Revathi,19,medium,6,7,7,0,0,10,8,5,poor,8,1
Nandu_Anju,32,medium,4,8,9,0,0,3,3,3,poor,1,0
Sajin_Sneha,30,medium,5,8,10,0,0,28,1,7,average,4,1
Manu_Revathi,3,medium,5,1,8,0,0,10,5,8,poor,2,1
Sajin_Revathi,33,medium,7,7,6,0,0,17,7,8,poor,0,1
Rahul_Parvathi,16,low,7,10,5,1,0,1,5,2,poor,2,1
Akshay_Neethu,23,high,4,9,1,1,1,30,9,10,poor,6,1
Manu_Revathi,56,low,4,9,7,1,0,2,10,10,poor,1,1
Arjun_Parvathi,42,medium,6,2,10,1,0,7,10,1,good,5,1
Jithin_Revathi,36,high,4,1,1,1,0,18,2,3,good,5,1
Akshay_Meera,55,low,2,1,7,0,1,23,8,5,poor,0,1
Sajin_Anju,19,high,7,4,10,1,0,30,8,5,good,3,1
Sreejith_Arya,33,medium,3,4,3,1,1,8,5,10,poor,8,1
Vishnu_Meera,11,high,0,5,8,1,1,2,1,8,good,1,1
Sajin_Meera,34,high,4,5,5,0,1,26,8,5,poor,9,0
Nandu_Anju,2,low,7,5,5,0,1,15,8,6,good,7,1
Akshay_Athira,57,medium,3,1,10,0,1,0,9,8,good,6,1
Sreejith_Arya,6,high,7,6,2,0,1,15,8,6,poor,1,1
Sreejith_Arya,44,medium,0,3,9,0,1,19,10,2,poor,8,1
Rahul_Meera,55,high,1,9,2,0,1,17,8,5,average,9,0
Manu_Lekshmi,45,high,0,10,1,0,0,23,6,8,average,2,0
Sreejith_Sneha,56,high,7,10,4,0,0,9,3,8,good,8,1
Sajin_Neethu,24,medium,3,1,1,1,1,22,10,5,poor,5,1
Akshay_Parvathi,17,low,5,7,4,0,1,17,9,6,average,0,1
Nandu_Neethu,1,medium,6,1,1,1,0,7,5,1,poor,4,1
Sreejith_Revathi,47,high,4,10,8,0,0,7,5,4,poor,0,0
Akhil_Neethu,36,medium,2,8,7,1,0,4,9,1,average,8,1
Arjun_Parvathi,27,medium,1,5,9,0,0,26,7,5,good,4,0
Sreejith_Meera,60,medium,5,10,6,1,1,23,7,6,good,5,1
Sreejith_Athira,7,high,0,9,9,0,1,21,5,6,average,2,0
Rahul_Meera,5,low,7,5,2,0,1,2,10,4,average,10,1
Arjun_Arya,3,low,4,10,1,1,1,3,6,5,average,1,1
Akhil_Meera,35,low,6,1,5,1,1,7,7,4,average,6,1
Arjun_Sneha,24,high,2,2,8,0,1,11,6,3,poor,9,1
Sreejith_Parvathi,59,medium,1,4,6,1,1,23,9,4,poor,8,1
Sajin_Arya,2,low,7,3,8,1,0,13,3,3,poor,9,1
Sreejith_Sneha,35,high,5,5,4,0,0,24,2,9,poor,6,1
Rahul_Arya,6,high,6,7,1,1,0,25,4,2,poor,3,1
Arjun_Lekshmi,15,high,2,9,3,0,0,11,3,10,average,6,0
Akhil_Divya,18,medium,5,4,5,1,1,28,1,3,average,10,1
Vishnu_Sneha,28,medium,4,2,9,1,0,15,3,6,average,2,1
Nandu_Neethu,32,high,4,10,8,0,0,11,6,4,poor,7,0
Manu_Athira,38,medium,1,6,7,1,0,27,1,9,good,0,1
Akshay_Revathi,30,low,2,1,2,0,1,7,3,4,poor,7,1
Nandu_Neethu,34,low,6,10,8,0,1,29,8,9,good,4,1
Jithin_Anju,27,low,1,1,5,0,1,19,10,10,good,0,1
Nandu_Sneha,34,medium,7,8,2,1,1,26,10,8,average,3,1
Arjun_Revathi,46,high,7,4,1,1,0,15,3,4,average,0,1
Rahul_Revathi,40,high,6,5,4,0,1,17,5,1,poor,5,1
Rahul_Divya,8,low,1,10,5,0,0,6,7,4,average,3,0
Arjun_Arya,34,low,1,7,3,0,0,14,4,1,good,0,0
Sajin_Parvathi,57,low,0,2,10,0,1,10,3,4,good,2,1
Jithin_Meera,48,low,7,1,5,0,1,2,10,8,poor,0,1
Akshay_Parvathi,44,medium,7,8,3,0,0,9,10,1,poor,3,1
Sajin_Lekshmi,38,medium,6,2,5,1,1,19,7,4,average,3,1
Rahul_Divya,9,medium,4,5,8,1,1,23,8,7,average,0,1
Akshay_Divya,57,medium,7,1,10,0,1,25,8,2,average,2,1
Nandu_Sneha,16,high,6,3,6,0,1,29,2,10,poor,0,1
Nandu_Sneha,46,medium,2,3,1,0,0,0,9,10,poor,10,1
Sreejith_Meera,13,low,0,3,5,1,1,14,4,10,average,2,1
Akshay_Sneha,56,high,7,10,5,0,0,23,1,8,average,4,1
Sreejith_Anju,19,medium,7,2,2,1,1,2,9,7,average,9,1
Nandu_Athira,46,medium,4,8,1,0,1,14,3,6,good,1,0
Akhil_Lekshmi,26,high,3,5,3,1,1,9,4,1,good,10,1
Akhil_Meera,10,medium,7,4,2,0,0,16,2,4,average,8,1
Vishnu_Meera,60,low,5,9,3,1,1,8,4,5,good,0,1
Akshay_Revathi,11,high,4,2,4,1,1,9,7,4,poor,7,1
Sajin_Lekshmi,5,low,4,3,8,1,1,27,6,3,poor,0,1
Nandu_Neethu,1,low,3,1,10,1,0,8,8,2,poor,0,1
Arjun_Arya,28,low,0,4,6,0,1,14,8,2,average,4,0
Sreejith_Revathi,32,low,7,2,3,1,1,9,7,6,average,9,1
Manu_Parvathi,57,medium,6,5,2,0,0,14,9,10,average,9,1
Jithin_Lekshmi,2,medium,1,1,8,0,1,30,7,1,good,0,1
Akshay_Sneha,7,high,7,2,8,0,1,9,3,7,good,1,1
Jithin_Divya,35,low,2,6,6,1,1,0,10,1,poor,2,1
Sajin_Neethu,18,low,5,3,5,0,1,9,6,5,poor,5,1
Vishnu_Athira,50,medium,0,7,5,1,1,4,10,1,average,9,1
Manu_Anju,34,medium,5,7,5,0,1,27,7,10,good,6,1
Manu_Neethu,39,high,2,1,5,1,1,22,3,9,poor,5,1
Sreejith_Lekshmi,32,high,6,5,8,1,0,6,7,5,average,6,1
Akhil_Parvathi,24,medium,5,8,6,1,1,17,4,6,poor,7,1
Rahul_Athira,25,medium,0,2,2,0,1,23,5,6,poor,8,1
Akshay_Parvathi,31,low,0,4,3,1,0,26,5,3,average,0,1
Jithin_Meera,18,medium,6,3,1,0,0,22,7,10,good,2,1
Arjun_Neethu,15,medium,3,2,5,1,1,6,8,4,good,1,1
Sajin_Sneha,30,high,0,10,1,1,1,2,8,3,good,4,1
Nandu_Sneha,47,low,7,8,2,0,1,0,2,6,average,8,1
Nandu_Revathi,7,low,3,1,1,0,0,28,5,4,average,7,1
Vishnu_Athira,4,medium,2,3,4,1,1,2,6,10,poor,10,1
Nandu_Anju,10,high,0,10,10,1,1,22,4,10,average,4,1
Rahul_Sneha,21,low,3,9,2,0,0,17,3,5,average,7,0
Sreejith_Arya,33,medium,2,5,1,1,1,28,9,1,good,1,1
Nandu_Meera,38,high,5,6,2,0,1,7,8,7,poor,8,1
Akshay_Divya,14,medium,7,4,6,1,1,4,3,1,good,1,1
Rahul_Sneha,16,high,5,7,6,0,1,0,5,10,good,5,1
Nandu_Sneha,47,medium,4,5,8,1,1,28,7,3,poor,3,1
Akhil_Revathi,49,low,7,4,5,0,1,25,7,6,good,8,1
Jithin_Divya,43,high,1,10,6,1,0,6,10,8,average,2,1
Nandu_Arya,8,medium,2,3,3,1,0,10,1,6,average,9,1
Rahul_Anju,19,low,5,8,6,1,0,4,7,2,average,1,1
Rahul_Lekshmi,38,low,4,3,4,1,1,21,5,5,good,6,1
Arjun_Anju,30,medium,1,1,6,0,1,21,2,3,average,6,1
Jithin_Divya,40,low,6,8,3,1,0,2,7,1,good,0,1
Sreejith_Meera,44,high,3,7,8,1,1,13,5,10,average,3,1
Akhil_Meera,16,medium,0,10,8,1,1,14,3,7,average,4,1
Sreejith_Divya,11,high,3,7,4,1,0,22,2,8,poor,6,1
Manu_Divya,17,high,2,10,1,1,1,29,9,8,average,6,1
Manu_Divya,25,medium,0,4,5,0,0,20,7,7,poor,2,0
Akshay_Parvathi,43,medium,7,1,2,1,1,19,5,10,good,5,1
Rahul_Anju,16,low,0,6,4,1,1,18,3,4,poor,0,1
Arjun_Lekshmi,41,high,7,7,7,0,0,24,6,7,poor,4,1
Akhil_Neethu,15,low,1,4,5,1,1,16,8,5,poor,10,1
Sreejith_Anju,8,low,4,2,10,1,0,27,1,1,average,5,1
Sajin_Anju,2,low,2,5,2,0,1,30,2,3,average,10,0
Vishnu_Athira,52,low,5,2,6,1,0,22,6,3,poor,0,1
Sajin_Neethu,15,medium,1,10,9,0,1,5,10,2,good,8,0
Nandu_Sneha,58,low,5,6,9,0,0,25,6,4,good,1,1
Sreejith_Arya,47,medium,0,3,6,0,0,5,3,3,poor,8,1
Akshay_Arya,49,high,5,8,7,1,1,8,3,4,poor,4,1
Arjun_Neethu,31,high,4,5,6,1,0,30,3,1,average,4,1
Sreejith_Sneha,34,high,2,1,4,1,0,6,8,10,poor,10,1
Vishnu_Revathi,37,medium,2,9,5,0,0,7,1,3,average,0,0
Sreejith_Revathi,11,high,4,1,10,0,0,15,9,4,poor,3,1
Jithin_Lekshmi,16,low,5,5,9,0,1,28,10,2,good,7,1
Arjun_Divya,9,high,5,4,7,1,0,20,4,10,average,1,1
Jithin_Athira,53,low,4,10,9,1,0,3,6,6,average,2,1
Sajin_Anju,6,low,1,8,2,0,1,3,7,3,average,3,0
Manu_Divya,18,medium,6,7,9,1,0,26,3,2,good,4,1
Akhil_Divya,52,high,4,2,8,1,0,13,5,4,average,9,1
Rahul_Revathi,2,medium,6,9,4,0,1,16,2,8,average,7,1
Akshay_Athira,10,medium,6,5,10,0,1,5,8,5,average,8,1
Nandu_Athira,15,low,2,6,2,1,0,11,5,9,poor,0,1
Akshay_Revathi,35,medium,3,4,9,0,0,2,7,9,average,5,0
Nandu_Arya,54,high,7,4,2,0,1,20,1,4,average,9,1
Sajin_Meera,30,low,3,5,10,0,0,7,7,4,poor,9,0
Jithin_Neethu,48,medium,4,1,1,1,1,15,6,3,good,10,1
Akhil_Sneha,1,high,4,7,5,1,0,19,6,7,good,5,1
Arjun_Athira,50,medium,6,7,7,0,1,22,3,8,good,7,1
Sajin_Sneha,42,high,4,7,1,0,0,22,7,5,average,5,0
Jithin_Meera,4,high,7,2,3,0,1,4,9,10,good,6,1
Manu_Sneha,45,low,6,5,2,0,0,15,6,5,average,5,1
Jithin_Anju,26,medium,5,10,8,1,0,13,7,9,average,6,1
Akhil_Anju,44,medium,1,6,3,1,1,3,3,5,poor,9,1
Akshay_Sneha,30,medium,6,2,2,1,0,18,4,9,average,7,1
Akshay_Revathi,4,medium,2,10,6,0,1,26,2,5,poor,2,0
Nandu_Lekshmi,17,low,4,7,3,0,0,24,7,3,average,1,0
Manu_Lekshmi,47,medium,1,10,9,0,0,12,10,6,good,7,0
Arjun_Revathi,30,medium,3,3,7,0,0,27,4,5,good,2,1
Akshay_Sneha,58,high,6,2,2,0,1,3,1,2,poor,9,1
Manu_Lekshmi,42,medium,6,1,4,0,1,11,9,7,average,0,1
Rahul_Parvathi,45,high,7,5,3,0,0,9,6,10,average,4,1
Akhil_Arya,53,high,0,9,3,0,1,7,6,8,good,2,0
Jithin_Lekshmi,60,low,5,6,2,1,0,30,1,3,good,10,1
Akhil_Sneha,9,medium,6,9,3,0,1,22,6,3,poor,9,1
Akshay_Meera,56,medium,3,5,1,0,0,4,1,4,good,3,0
Manu_Neethu,1,low,0,7,9,1,1,6,3,6,average,6,1
Arjun_Sneha,10,high,4,3,10,1,0,27,3,6,poor,2,1
Arjun_Sneha,41,medium,6,6,4,0,0,11,2,8,good,7,1
Jithin_Athira,16,medium,1,1,3,1,1,25,9,6,average,1,1
Sajin_Sneha,36,low,6,7,4,1,0,8,10,1,poor,5,1
Akhil_Arya,13,low,5,7,10,1,1,14,4,3,poor,10,1
Vishnu_Arya,30,high,4,9,1,1,1,30,1,1,average,6,1
Sajin_Lekshmi,54,high,7,9,3,0,0,30,10,9,poor,10,1
Jithin_Anju,12,high,2,5,1,0,1,10,2,1,good,8,0
Akhil_Athira,59,high,2,5,8,1,1,21,3,3,good,2,1
Akhil_Sneha,50,high,0,2,4,0,1,24,5,9,poor,8,1
Rahul_Revathi,52,low,4,1,9,0,1,2,1,9,poor,9,1
Nandu_Lekshmi,43,low,3,3,8,0,1,8,1,3,good,0,1
Nandu_Lekshmi,12,high,3,8,2,0,0,14,10,3,average,9,0
Nandu_Arya,18,high,6,10,2,1,1,13,3,6,poor,8,1
Rahul_Parvathi,19,medium,5,1,7,0,0,15,10,5,average,1,1
Akshay_Neethu,35,medium,6,4,1,0,1,18,5,8,poor,10,1
Rahul_Arya,45,medium,5,2,8,0,1,15,2,7,good,10,1
Vishnu_Neethu,21,high,7,1,10,1,1,13,1,3,poor,0,1
Sreejith_Lekshmi,21,medium,6,5,7,1,1,10,5,8,good,9,1
Arjun_Sneha,16,low,3,7,2,0,0,23,4,2,poor,6,0
Rahul_Athira,12,low,1,5,6,1,0,19,4,10,good,9,1
Vishnu_Divya,54,high,4,2,7,0,0,21,2,2,average,2,1
Vishnu_Lekshmi,9,medium,0,2,4,0,1,8,5,10,good,3,1
Arjun_Arya,13,high,0,3,9,0,1,20,2,8,good,9,1
Jithin_Revathi,48,low,1,4,9,0,1,25,10,8,average,6,0
Jithin_Meera,7,medium,0,2,10,0,1,11,8,3,poor,6,1
Arjun_Neethu,48,low,6,2,9,1,1,28,8,10,poor,10,1
Nandu_Neethu,22,high,2,4,9,1,1,28,4,6,good,4,1
Jithin_Neethu,35,high,5,8,9,1,1,10,10,3,average,8,1
Akhil_Parvathi,54,high,6,6,1,1,0,9,8,10,poor,0,1
Nandu_Parvathi,7,low,6,6,2,1,0,25,5,6,poor,1,1
Akshay_Anju,10,medium,3,6,6,0,1,15,9,3,average,10,0
Sreejith_Meera,51,medium,2,10,2,0,0,18,4,9,good,6,0
Jithin_Athira,1,medium,6,3,2,1,0,2,9,3,average,6,1
Sreejith_Lekshmi,56,medium,4,3,7,1,1,13,10,9,average,0,1
Akshay_Revathi,42,medium,3,10,7,1,1,25,1,10,average,1,1
Manu_Parvathi,44,low,6,10,2,1,1,20,6,3,poor,2,1
Manu_Lekshmi,22,low,5,10,1,1,1,28,4,3,poor,1,1
Arjun_Parvathi,24,low,5,1,3,0,0,1,3,10,average,8,1
Arjun_Revathi,44,medium,4,2,6,0,1,3,8,8,good,0,1
Sajin_Lekshmi,23,high,4,8,10,1,0,23,3,4,good,6,1
Jithin_Revathi,28,high,3,8,5,1,0,0,7,1,average,6,1
Arjun_Arya,40,high,1,5,2,1,1,26,10,2,poor,4,1
Nandu_Neethu,7,high,0,2,9,1,0,17,8,6,good,8,1
Nandu_Parvathi,45,low,3,3,1,1,0,8,3,2,average,1,1
Sajin_Athira,38,low,0,3,4,0,1,24,3,9,average,9,1
Arjun_Meera,38,medium,0,8,10,1,0,7,1,10,poor,9,1
Akshay_Arya,39,medium,5,4,2,0,1,10,8,9,good,8,1
Akshay_Divya,54,medium,4,9,3,1,0,1,7,8,poor,0,1
Jithin_Divya,19,high,5,7,5,1,0,13,10,5,average,7,1
Rahul_Meera,42,low,4,2,2,0,0,23,2,5,poor,1,1
Sreejith_Revathi,52,medium,5,5,10,0,0,30,5,2,poor,3,1
Vishnu_Revathi,46,high,4,2,4,1,0,25,5,2,poor,1,1
Sreejith_Meera,57,low,2,6,6,1,1,10,7,4,average,7,1
Manu_Neethu,60,low,7,9,1,0,1,3,2,7,poor,0,1
Jithin_Divya,35,high,3,8,8,0,1,18,1,3,good,9,0
Nandu_Revathi,8,low,1,1,2,1,0,12,6,6,good,6,1
Rahul_Arya,15,low,0,5,2,0,1,8,6,8,poor,1,0
Vishnu_Parvathi,19,high,1,2,2,1,1,28,10,10,average,1,1
Sreejith_Divya,46,high,6,3,10,1,0,20,10,4,good,10,1
Manu_Athira,29,high,2,1,2,0,0,18,3,10,poor,3,1
Nandu_Athira,16,medium,1,2,1,0,1,0,4,6,good,6,1
Rahul_Arya,56,high,0,5,2,1,1,10,3,7,good,8,1
Akshay_Revathi,50,low,0,7,7,0,0,7,2,2,average,5,0
Vishnu_Athira,55,low,6,1,10,0,0,25,6,1,poor,3,1
Jithin_Lekshmi,35,high,0,7,3,0,1,14,9,7,poor,3,0
Sreejith_Arya,10,low,2,1,5,1,1,8,7,9,good,1,1
Sreejith_Revathi,47,high,3,4,8,0,1,17,2,1,average,10,0
Akshay_Sneha,60,low,2,1,9,0,1,17,1,1,average,10,1
Sreejith_Athira,15,low,4,7,9,1,1,27,1,3,good,6,1
Nandu_Athira,12,medium,0,7,3,1,0,11,2,1,average,9,1
Jithin_Meera,27,high,7,8,3,1,0,25,9,1,average,10,1
Akhil_Meera,4,medium,5,10,2,1,0,19,8,2,good,9,1
Akhil_Revathi,33,low,5,9,5,1,0,28,7,1,good,0,1
Manu_Arya,52,low,4,4,9,0,1,3,2,7,poor,0,0
Sreejith_Lekshmi,9,low,4,4,3,0,0,7,1,5,poor,5,0
Manu_Parvathi,44,high,4,9,4,1,1,23,4,7,average,0,1
Akhil_Sneha,13,high,5,2,4,0,1,20,10,6,good,10,1
Manu_Divya,29,medium,2,1,9,0,1,12,10,7,poor,8,1
Sreejith_Lekshmi,32,low,1,7,10,0,0,10,2,1,good,8,0
Rahul_Meera,60,high,2,5,7,0,1,23,5,4,good,3,0
Akshay_Parvathi,59,low,3,10,3,1,0,6,6,4,good,7,1
Nandu_Neethu,8,medium,6,7,4,1,1,12,2,4,good,7,1
Manu_Meera,19,medium,6,1,9,0,0,15,10,9,average,4,1
Vishnu_Neethu,36,low,7,9,5,0,0,18,6,8,poor,8,1
Nandu_Parvathi,56,low,2,4,2,0,1,0,4,8,average,3,0
Jithin_Anju,45,low,3,2,3,0,1,9,2,7,average,6,1
Akhil_Parvathi,36,high,4,7,2,1,1,12,6,3,average,3,1
Sajin_Arya,44,medium,1,1,1,0,1,16,10,4,poor,4,1
Sreejith_Divya,17,medium,3,7,3,0,0,11,8,6,average,8,0
Sreejith_Revathi,12,medium,1,4,3,1,0,0,9,7,poor,0,1
Sreejith_Sneha,1,low,4,6,8,1,0,9,3,5,poor,10,1
Akshay_Anju,41,medium,4,1,4,0,0,26,9,6,average,9,1
Sajin_Lekshmi,35,medium,3,4,8,1,1,16,7,2,average,0,1
Akhil_Arya,55,low,7,2,3,1,1,23,3,6,good,3,1
Arjun_Lekshmi,52,low,5,5,1,0,1,5,2,2,average,0,1
Manu_Meera,23,low,1,10,9,1,1,14,2,4,poor,9,1
Rahul_Sneha,47,high,3,10,3,1,1,18,8,4,average,8,1
Akhil_Revathi,27,high,6,8,8,1,0,30,7,3,good,6,1
Jithin_Lekshmi,11,medium,6,2,6,1,1,24,5,7,good,0,1
Sreejith_Meera,13,medium,6,4,5,0,1,11,10,9,average,10,1
Vishnu_Arya,53,high,0,6,6,0,0,15,6,6,good,6,0
Akshay_Anju,55,high,2,7,2,0,0,29,10,10,average,5,0
Manu_Anju,11,medium,4,5,3,0,1,2,4,3,average,10,0
Akshay_Meera,34,medium,4,4,5,0,1,8,8,10,average,6,0
Akhil_Divya,34,medium,7,4,1,1,1,18,9,4,average,9,1
Jithin_Anju,46,high,5,10,9,0,0,24,3,5,average,10,1
Akhil_Neethu,11,medium,0,5,10,1,0,4,2,10,poor,4,1
Manu_Arya,19,low,4,6,5,1,1,20,7,9,poor,7,1
Vishnu_Anju,59,high,2,5,10,0,1,13,8,7,average,3,0
Arjun_Neethu,6,low,6,8,6,0,1,7,3,5,poor,7,1
Manu_Athira,26,low,3,9,9,1,0,5,3,9,poor,0,1
Nandu_Divya,17,medium,1,10,6,1,0,6,8,7,good,10,1
Manu_Meera,58,high,7,7,10,0,1,16,5,6,average,3,1
Akshay_Arya,13,medium,1,10,8,1,1,3,7,5,poor,8,1
Sreejith_Divya,41,low,5,2,10,0,1,19,9,9,average,0,1
Arjun_Revathi,36,high,2,5,3,0,1,1,6,10,good,3,0
Vishnu_Neethu,18,medium,5,4,10,1,1,11,5,4,average,7,1
Arjun_Revathi,14,high,1,8,7,0,1,19,10,6,poor,9,0
Jithin_Athira,9,medium,2,6,6,0,0,17,10,3,good,3,0
Arjun_Neethu,42,low,5,5,6,0,1,14,7,10,poor,2,1
Arjun_Revathi,36,low,4,7,4,0,0,23,9,10,good,7,0
Vishnu_Meera,1,medium,7,10,4,0,1,19,9,10,good,10,1
Akhil_Meera,45,low,5,5,4,1,0,22,1,9,average,10,1
Nandu_Divya,21,low,3,10,4,1,1,3,4,7,poor,0,1
Rahul_Arya,51,medium,4,3,7,1,1,29,8,7,good,3,1
Manu_Parvathi,50,medium,2,6,1,1,0,8,2,9,average,6,1
Rahul_Divya,52,high,2,1,3,0,0,8,10,9,poor,3,1
Manu_Divya,11,medium,5,1,10,1,0,12,9,1,good,4,1
Akshay_Neethu,5,high,2,8,8,0,1,11,1,3,poor,5,0
Manu_Athira,34,low,5,10,6,0,0,12,5,3,good,8,1
Manu_Meera,58,high,4,2,7,0,0,13,5,6,poor,7,1
Akhil_Athira,27,low,2,5,8,1,1,15,3,4,average,0,1
Sreejith_Lekshmi,30,medium,1,5,4,0,0,21,7,8,average,2,0
Nandu_Parvathi,58,low,7,8,10,1,1,6,9,6,average,0,1
Arjun_Parvathi,11,low,4,2,4,0,1,10,8,7,average,2,1
Arjun_Athira,42,high,4,10,2,0,0,12,2,2,average,8,0
Sajin_Lekshmi,46,high,4,9,3,0,0,0,1,8,good,3,0
Sreejith_Divya,13,low,3,3,7,1,1,4,2,3,poor,0,1
Arjun_Anju,59,medium,6,1,10,0,0,25,4,1,poor,4,1
Sajin_Neethu,43,low,1,3,5,1,0,24,3,1,average,5,1
Akshay_Arya,18,medium,6,9,10,0,1,18,8,1,poor,0,1
Nandu_Athira,22,low,6,7,6,1,0,28,4,9,poor,8,1
Manu_Meera,11,high,7,6,1,0,1,14,4,4,average,10,1
Manu_Neethu,31,high,4,4,5,0,0,14,5,3,average,9,0
Akshay_Arya,17,medium,6,6,5,0,1,17,7,10,average,4,1
Akshay_Meera,35,high,6,3,5,0,1,24,10,9,poor,9,1
Arjun_Neethu,12,high,5,2,8,1,0,24,7,5,average,1,1
Nandu_Revathi,58,low,1,4,6,0,1,5,1,3,poor,8,0
Akhil_Neethu,24,low,0,8,4,0,1,21,10,9,good,3,0
Arjun_Neethu,23,medium,5,8,6,0,0,4,10,9,average,2,1
Arjun_Divya,55,high,7,6,3,1,1,9,4,1,poor,5,1
Manu_Lekshmi,29,low,7,5,10,1,0,10,4,7,poor,1,1
Arjun_Divya,57,medium,3,4,6,1,0,24,3,9,good,6,1
Akshay_Arya,10,high,5,10,2,0,1,25,6,4,good,2,1
Rahul_Divya,8,medium,2,9,9,1,1,27,7,2,poor,3,1
Arjun_Lekshmi,59,low,6,2,6,1,0,27,2,6,average,5,1
Arjun_Anju,35,medium,5,7,3,0,1,13,1,1,poor,9,1
Nandu_Parvathi,46,high,1,6,10,0,1,0,4,8,poor,2,0
Jithin_Anju,23,medium,7,4,8,1,0,4,5,4,average,5,1
Nandu_Arya,2,medium,3,1,8,1,1,28,6,7,good,0,1
Sreejith_Lekshmi,43,high,6,2,9,1,0,3,8,6,poor,8,1
Sajin_Divya,38,high,1,8,4,1,1,7,8,8,good,10,1
Jithin_Neethu,50,low,5,9,7,0,0,18,4,5,good,7,1
Sajin_Arya,58,medium,6,2,3,0,1,8,8,4,average,4,1
Vishnu_Meera,10,low,0,9,4,1,0,2,2,3,average,6,1
Arjun_Neethu,10,low,7,4,5,1,0,17,8,3,good,1,1
Nandu_Revathi,33,medium,4,2,4,0,1,0,4,9,poor,8,1
Rahul_Arya,31,medium,4,10,5,0,0,29,6,4,average,0,0
Arjun_Sneha,54,medium,5,3,4,0,1,21,7,1,good,10,1
Arjun_Sneha,56,medium,0,9,7,0,0,27,10,10,good,5,0
Manu_Anju,23,low,1,2,9,1,0,30,1,8,average,1,1
Manu_Lekshmi,16,high,4,2,2,0,0,5,8,4,average,1,1
Akhil_Meera,29,low,5,10,3,0,1,17,4,2,good,8,1
Sreejith_Parvathi,4,low,7,5,7,0,1,15,2,4,good,5,1
Manu_Parvathi,51,high,6,4,3,0,0,25,4,7,average,4,1
Manu_Arya,44,high,4,3,10,1,0,19,10,1,poor,5,1
Akshay_Meera,42,low,5,10,3,0,0,12,1,10,good,3,1
Sreejith_Meera,4,low,0,3,6,1,1,6,10,7,good,0,1
Vishnu_Sneha,24,low,4,1,9,1,0,4,5,4,average,2,1
Rahul_Athira,60,medium,0,8,10,1,1,5,7,6,poor,8,1
Akshay_Meera,10,low,2,3,9,1,0,0,10,5,poor,9,1
Sajin_Athira,33,low,1,7,7,0,1,1,6,4,average,7,0
Manu_Lekshmi,13,high,7,6,3,0,0,5,9,6,poor,6,1
Arjun_Parvathi,47,low,4,1,2,1,1,14,2,1,good,10,1
Rahul_Meera,39,medium,7,7,5,1,1,26,5,6,poor,1,1
Sreejith_Parvathi,16,low,1,2,2,1,1,27,1,8,poor,0,1
Akshay_Revathi,34,low,7,6,9,1,1,9,2,10,good,3,1
Manu_Parvathi,6,high,3,1,1,0,0,22,4,10,good,3,1
Rahul_Neethu,33,medium,0,2,6,0,1,3,3,3,average,9,1
Akhil_Parvathi,26,low,5,5,5,1,0,2,5,5,good,8,1
Nandu_Athira,26,medium,1,1,10,0,0,16,3,8,average,6,1
Akhil_Sneha,10,low,5,2,5,1,0,19,2,3,poor,1,1
Sajin_Lekshmi,43,low,1,2,10,1,1,16,10,9,good,5,1
Akhil_Revathi,31,low,5,2,1,1,0,4,8,4,average,8,1
Jithin_Divya,57,low,4,5,5,0,1,20,10,2,poor,3,0
Jithin_Revathi,25,high,0,6,2,1,0,25,8,8,poor,1,1
Akshay_Revathi,39,low,5,4,9,0,0,12,7,1,poor,1,1
Sajin_Arya,50,medium,0,7,2,0,0,11,10,1,poor,4,0
Vishnu_Meera,58,high,2,10,3,0,0,16,2,10,poor,2,0
Jithin_Anju,17,medium,3,10,5,0,1,19,8,2,average,10,0
Sajin_Meera,12,low,5,9,10,0,0,22,4,5,poor,5,1
Akhil_Arya,46,low,3,4,6,0,0,23,2,6,average,4,0
Vishnu_Divya,22,high,4,3,10,1,1,22,8,4,average,8,1
Sreejith_Sneha,12,medium,7,6,1,1,1,29,5,8,good,1,1
Rahul_Arya,53,low,1,8,6,1,1,3,1,7,average,10,1
Jithin_Lekshmi,32,low,6,9,10,1,0,14,8,10,good,5,1
Sajin_Divya,30,medium,0,9,9,0,1,13,8,8,poor,6,0
Akhil_Revathi,22,high,3,2,5,1,1,20,3,2,good,1,1
Manu_Sneha,49,low,6,10,2,0,1,30,5,10,poor,1,1
Nandu_Lekshmi,5,medium,4,3,7,1,0,27,3,8,good,9,1
Rahul_Revathi,52,low,4,7,1,1,0,21,9,1,good,10,1
Nandu_Parvathi,52,low,5,6,7,0,1,14,4,1,good,1,1
Sajin_Divya,19,low,1,7,10,0,0,0,6,9,good,8,0
Akshay_Athira,15,low,4,4,4,1,1,10,2,8,good,5,1
Nandu_Anju,23,low,3,6,1,0,1,10,5,8,average,3,0
Manu_Divya,45,high,2,10,5,0,1,26,5,3,average,3,0
Akhil_Meera,24,low,1,3,3,0,1,10,4,10,poor,10,1
Vishnu_Parvathi,21,medium,3,6,3,1,0,28,4,7,average,6,1
Rahul_Revathi,15,high,2,4,7,0,1,17,1,1,poor,0,0
Akhil_Athira,19,high,7,7,3,1,0,13,9,2,poor,2,1
Vishnu_Anju,15,low,2,8,5,0,1,18,2,4,poor,7,0
Sreejith_Anju,23,medium,5,7,9,0,1,11,1,4,average,8,1
Akshay_Parvathi,33,high,2,9,2,0,0,4,5,6,good,10,0
